Torneo,Fecha,Categoria,Pregunta_ES,Opcion1_ES,Opcion2_ES,Opcion3_ES,Pregunta_PT,Opcion1_PT,Opcion2_PT,Opcion3_PT,Pregunta_EN,Opcion1_EN,Opcion2_EN,Opcion3_EN,Respuesta_Correcta,Es_Ordenamiento
Mundial_1,1,personajes,¿Qué comandante del ejército de Saúl coronó a Is-boset como rey sobre Israel?,Abner,Benaías,Joab,Qual comandante do exército de Saul coroou Isbosete como rei sobre Israel?,Abner,Benaia,Joabe,Which commander of Saul's army crowned Ish-bosheth king over Israel?,Abner,Benaiah,Joab,1,FALSE
Mundial_1,1,personajes,¿Qué rey de Moab era extremadamente obeso y fue asesinado por el juez Aod?,Eglón,Balac,Hadad,Qual rei de Moabe era extremamente obeso e foi morto pelo juiz Eúde?,Eglom,Balaque,Hadade,Which king of Moab was extremely obese and killed by the judge Ehud?,Eglon,Balak,Hadad,1,FALSE
Mundial_1,1,personajes,¿Qué profeta de Silo rasgó su manto en doce pedazos para profetizar el reino a Jeroboam?,Ajías,Semaías,Iddo,Qual profeta de Siló rasgou sua capa em doze pedaços para profetizar o reino a Jeroboão?,Aías,Semaías,Ido,Which prophet of Shiloh tore his garment into twelve pieces to prophesy the kingdom to Jeroboam?,Ahijah,Shemaiah,Iddo,1,FALSE
Mundial_1,1,personajes,¿Quién fue el primer juez de Israel que liberó al pueblo del dominio de Mesopotamia?,Otoniel,Aod,Samgar,Quem foi o primeiro juiz de Israel que libertou o povo do domínio da Mesopotâmia?,Otoniel,Eúde,Sangar,Who was the first judge of Israel who delivered the people from Mesopotamian rule?,Othniel,Ehud,Shamgar,1,FALSE
Mundial_1,1,eventos,¿Qué fenómeno ocurrió en el río Jordán cuando los sacerdotes que llevaban el Arca pisaron el agua?,Las aguas se detuvieron río arriba,Se abrió un camino seco por un rayo,El río cambió de rumbo,Qual fenômeno ocorreu no rio Jordão quando os sacerdotes que levavam a Arca pisaram na água?,As águas pararam rio acima,Abriu-se um caminho seco por um raio,O rio mudou de curso,What phenomenon occurred at the Jordan River when the priests carrying the Ark stepped into the water?,The waters backed up upstream,A dry path opened by lightning,The river changed course,1,FALSE
Mundial_1,1,eventos,¿Qué hecho provocó la retirada inmediata del rey asirio Senaquerib tras sitiar Jerusalén?,La muerte de 185.000 soldados por un ángel,Una rebelión en Nínive,Un terremoto devastador,Qual evento provocou a retirada imediata do rei assírio Senaqueribe após cercar Jerusalém?,A morte de 185.000 soldados por um anjo,Uma rebelião em Nínive,Um terremoto devastador,What event caused Assyrian King Sennacherib to immediately retreat after besieging Jerusalem?,"The death of 185,000 soldiers by an angel",A rebellion in Nineveh,A devastating earthquake,1,FALSE
Mundial_1,1,eventos,"¿Qué les sucedió a los soldados que arrojaron a Sadrac, Mesac y Abed-nego al horno ardiendo?",Murieron quemados por la llamarada,Quedaron ciegos por el resplandor,Huyeron aterrorizados,"O que aconteceu com os soldados que jogaram Sadraque, Mesaque e Abednego na fornalha ardente?",Morreram queimados pelas chamas,Ficaram cegos pelo brilho,Fugiram aterrorizados,"What happened to the soldiers who threw Shadrach, Meshach, and Abednego into the fiery furnace?",They were killed by the heat of the flames,Struck blind by the glare,Fled in terror,1,FALSE
Mundial_1,1,eventos,¿En qué festividad bíblica debían los israelitas construir y habitar en enramadas durante siete días?,Fiesta de los Tabernáculos,Fiesta de las Semanas,Fiesta de la Pascua,Em qual festividade bíblica os israelitas deviam construir e habitar em cabanas por sete dias?,Festa dos Tabernáculos,Festa das Semanas,Festa da Páscoa,In which biblical festival were Israelites commanded to build and dwell in temporary shelters for seven days?,Feast of Tabernacles,Feast of Weeks,Feast of Passover,1,FALSE
Mundial_1,1,eventos,¿En qué lugar sagrado celebró Salomón un gran sacrificio de mil holocaustos antes de pedir sabiduría?,Gabaón,Silo,Betel,Em qual lugar sagrado Salomão celebrou um grande sacrifício de mil holocausto antes de pedir sabedoria?,Gibeão,Siló,Betel,At which high place did Solomon offer a thousand burnt offerings before asking God for wisdom?,Gibeon,Shiloh,Bethel,1,FALSE
Mundial_1,1,eventos,¿Qué milagro realizó el apóstol Pedro en la ciudad de Jope tras la muerte de Dorcas?,La resucitó mediante la oración,Sanó su parálisis crónica,La libró de una ceguera,Qual milagre o apóstolo Pedro realizou na cidade de Jope após a morte de Dorcas?,Ressuscitou-a mediante a oração,Curou sua paralisia crônica,Livrou-a de uma cegueira,What miracle did the apostle Peter perform in Joppa following the death of Dorcas?,Raised her to life through prayer,Cured her chronic paralysis,Healed her from blindness,1,FALSE
Mundial_1,1,eventos,¿Qué suceso provocó la muerte de Uza mientras transportaban el Arca del Pacto a Jerusalén?,Tocar el Arca cuando los bueyes tropezaron,Abrir la cubierta para mirar dentro,Dejar caer el Arca al suelo,Qual evento provocou a morte de Uzá enquanto transportavam a Arca da Aliança para Jerusalém?,Tocar na Arca quando os bois tropeçaram,Abrir a tampa para olhar dentro,Deixar a Arca cair no chão,What event brought about the death of Uzzah while transporting the Ark of the Covenant to Jerusalem?,Touching the Ark when the oxen stumbled,Opening the cover to look inside,Dropping the Ark to the ground,1,FALSE
Mundial_1,1,versiculos,"¿En qué libro y capítulo se encuentra la frase ""Lámpara es a mis pies tu palabra, y lumbrera a mi camino""?",Salmo 119,Salmo 23,Salmo 91,"Em qual livro e capítulo se encontra a frase ""Lâmpada para os meus pés é tua palavra e luz para o meu caminho""?",Salmo 119,Salmo 23,Salmo 91,"In which book and chapter is the verse ""Your word is a lamp to my feet and a light to my path"" found?",Psalm 119,Psalm 23,Psalm 91,1,FALSE
Mundial_1,1,versiculos,"¿En qué epístola se declara explícitamente que ""la fe sin obras está muerta""?",Santiago 2,1 Pedro 2,Hebreos 10,"Em qual epístola se declara explicitamente que ""a fé sem obras é morta""?",Tiago 2,1 Pedro 2,Hebreus 10,"In which epistle is it explicitly stated that ""faith without works is dead""?",James 2,1 Peter 2,Hebrews 10,1,FALSE
Mundial_1,1,versiculos,"¿En qué Evangelio y capítulo afirma Jesús ""Yo soy el camino, y la verdad, y la vida""?",Juan 14,Mateo 5,Lucas 10,"Em qual Evangelho e capítulo Jesus afirma ""Eu sou o caminho, e a verdade e a vida""?",João 14,Mateus 5,Lucas 10,"In which Gospel and chapter does Jesus state ""I am the way and the truth and the life""?",John 14,Matthew 5,Luke 10,1,FALSE
Mundial_1,1,versiculos,"¿En qué carta de Pablo se enumeran las virtudes conocidas como ""el fruto del Espíritu""?",Gálatas 5,Efesios 4,Colosenses 3,"Em qual carta de Paulo são enumeradas as virtudes conhecidas como ""o fruto do Espírito""?",Gálatas 5,Efésios 4,Colossenses 3,"In which letter of Paul are the virtues known as ""the fruit of the Spirit"" listed?",Galatians 5,Ephesians 4,Colossians 3,1,FALSE
Mundial_1,1,versiculos,¿Qué libro profético concluye anunciando el envío del profeta Elías antes del día grande del Señor?,Malaquías,Zacarías,Sofonías,Qual livro profético conclui anunciando o envio do profeta Elias antes do grande dia do Senhor?,Malaquias,Zacarias,Sofonias,Which prophetic book concludes by announcing the sending of Elijah the prophet before the great day of the LORD?,Malachi,Zechariah,Zephaniah,1,FALSE
Mundial_1,1,versiculos,"¿En qué pasaje de 2 Timoteo se afirma que ""Toda la Escritura es inspirada por Dios""?",2 Timoteo 3:16,1 Timoteo 2:5,2 Timoteo 4:7,"Em qual passagem de 2 Timóteo se afirma que ""Toda a Escritura é inspirada por Deus""?",2 Timóteo 3:16,1 Timóteo 2:5,2 Timóteo 4:7,"In which passage of 2 Timothy is it stated that ""All Scripture is God-breathed""?",2 Timothy 3:16,1 Timothy 2:5,2 Timothy 4:7,1,FALSE
Mundial_1,1,personajes,¿Qué rey de Babilonia sacó de la cárcel al rey Joaquín de Judá y le dio un trono de honor?,Evil-merodac,Belsasar,Nergal-sar-eser,Qual rei da Babilônia tirou o rei Joaquim de Judá da prisão e lhe deu um trono de honra?,Evil-Merodaque,Belsazar,Nergal-Sarezer,Which king of Babylon released King Jehoiachin of Judah from prison and gave him a seat of honor?,Evil-merodach,Belshazzar,Nergal-sharezer,1,FALSE
Mundial_1,1,personajes,¿Qué primo de Ester descubrió la conspiración de los eunucos Bigtán y Teres contra el rey?,Mardoqueo,Amán,Hegai,Qual primo de Ester descobriu a conspiração dos eunucos Bigtã e Teres contra o rei?,Mardoqueu,Hamã,Hegai,Which cousin of Esther uncovered the plot of the eunuchs Bigthan and Teresh against the king?,Mordecai,Haman,Hegai,1,FALSE
Mundial_1,2,personajes,¿Qué colaborador de Pablo refrescó su espíritu y no se avergonzó de sus cadenas en Roma?,Onesíforo,Demas,Alejandro,Qual colaborador de Paulo revigorou seu espírito e não se envergonhou de suas algemas em Roma?,Onesíforo,Demas,Alexandre,Which co-worker of Paul refreshed his spirit and was not ashamed of his chains in Rome?,Onesiphorus,Demas,Alexander,1,FALSE
Mundial_1,2,eventos,¿En qué monte murieron los tres hijos de Saúl y cayó el propio rey sobre su espada?,Monte Gilboa,Monte Carmelo,Monte Tabor,Em qual monte morreram os três filhos de Saul e o próprio rei caiu sobre sua espada?,Monte Gilboa,Monte Carmelo,Monte Tabor,On which mountain did Saul's three sons die and the king himself fall on his sword?,Mount Gilboa,Mount Carmel,Mount Tabor,1,FALSE
Mundial_1,2,eventos,¿Qué emperador asirio completó el sitio de Samaria y deportó al reino del norte de Israel?,Sarcón II,Senaquerib,Tiglat-pileser III,Qual imperador assírio completou o cerco de Samaria e deportou o reino do norte de Israel?,Sargão II,Senaqueribe,Tiglate-Pileser III,Which Assyrian emperor completed the siege of Samaria and deported the northern kingdom of Israel?,Sargon II,Sennacherib,Tiglath-Pileser III,1,FALSE
Mundial_1,2,eventos,¿Cuál fue la primera plaga en Egipto de la que Dios eximió explícitamente a la tierra de Gosén?,Las moscas,Las ranas,Los piojos,Qual foi a primeira praga no Egito da qual Deus isentou explicitamente a terra de Gósen?,As moscas,As rãs,Os piolhos,Which was the first plague in Egypt from which God explicitly exempted the land of Goshen?,Flies,Frogs,Gnats,1,FALSE
Mundial_1,2,versiculos,"¿En qué libro y capítulo profético se promete: ""Los que esperan a Jehová tendrán nuevas fuerzas""?",Isaías 40,Isaías 55,Jeremías 29,"Em qual livro e capítulo profético se promete: ""Os que esperam no Senhor renovarão as suas forças""?",Isaías 40,Isaías 55,Jeremias 29,"In which prophetic book and chapter is it promised: ""Those who hope in the LORD will renew their strength""?",Isaiah 40,Isaiah 55,Jeremiah 29,1,FALSE
Mundial_1,2,versiculos,"¿En qué epístola se define a Dios diciendo textualmente ""Dios es amor""?",1 Juan 4,1 Corintios 13,Efesios 2,"Em qual epístola se define a Deus dizendo textualmente ""Deus é amor""?",1 João 4,1 Coríntios 13,Efésios 2,"In which epistle is God defined with the statement ""God is love""?",1 John 4,1 Corinthians 13,Ephesians 2,1,FALSE
Mundial_1,2,versiculos,"¿En qué Evangelio y capítulo promete Jesús ""Vendré otra vez, y os tomaré a mí mismo""?",Juan 14,Mateo 24,Lucas 21,"Em qual Evangelho e capítulo Jesus promete ""Virei outra vez e vos tomarei para mim mesmo""?",João 14,Mateus 24,Lucas 21,"In which Gospel and chapter does Jesus promise ""I will come back and take you to be with me""?",John 14,Matthew 24,Luke 21,1,FALSE
Mundial_1,2,versiculos,¿En qué capítulo de Romanos concluye Pablo asegurando que nada podrá separarnos del amor de Dios?,Romanos 8,Romanos 12,Romanos 5,Em qual capítulo de Romanos Paulo conclui assegurando que nada poderá nos separar do amor de Deus?,Romanos 8,Romanos 12,Romanos 5,In which chapter of Romans does Paul conclude by asserting that nothing will be able to separate us from the love of God?,Romans 8,Romans 12,Romans 5,1,FALSE
Mundial_1,2,personajes,¿Qué nieto de David y rey de Judá fue sucedido por su madre Atalía tras ser ejecutado por Jehú?,Ocozías,Joás,Amasías,Qual neto de Davi e rei de Judá foi sucedido por sua mãe Atalia após ser morto por Jeú?,Acazias,Joás,Amazias,Which grandson of David and king of Judah was succeeded by his mother Athaliah after being killed by Jehu?,Ahaziah,Joash,Amaziah,1,FALSE
Mundial_1,2,personajes,¿Quién fue la esposa de Elcana que oró fervientemente en el tabernáculo de Silo por un hijo?,Ana,Penina,Noemí,Quem foi a esposa de Elcana que orou fervorosamente no tabernáculo de Siló por um filho?,Ana,Penina,Noemi,Who was Elkanah's wife who prayed fervently at the tabernacle in Shiloh for a son?,Hannah,Peninnah,Naomi,1,FALSE
Mundial_1,2,personajes,¿Qué rey de Israel compró el monte de Samaria y construyó allí la nueva capital del reino?,Omri,Baasa,Tibni,Qual rei de Israel comprou o monte de Samaria e construiu ali a nova capital do reino?,Onri,Baasa,Tibni,Which king of Israel bought the hill of Samaria and built the new capital of the kingdom?,Omri,Baasha,Tibni,1,FALSE
Mundial_1,2,ciudades,¿En qué ciudad murió el rey Josías tras ser herido en batalla por el faraón Necao?,Meguido,Carquemis,Laquis,Em qual cidade morreu o rei Josias após ser ferido em batalha pelo faraó Neco?,Megido,Carquemis,Laquis,In which city did King Josiah die after being wounded in battle by Pharaoh Neco?,Megiddo,Carchemish,Lachish,1,FALSE
Mundial_1,2,personajes,"¿Quién fue el abuelo del profeta Sofonías, mencionado al principio de su libro?",Ezequías,Josías,Amón,"Quem foi o avô do profeta Sofonias, mencionado no início do seu livro?",Ezequias,Josias,Amom,"Who was the great-great-grandfather of the prophet Zephaniah, mentioned at the beginning of his book?",Hezekiah,Josiah,Amon,1,FALSE
Mundial_1,2,elementos,¿De qué madera específica ordenó Dios construir el Arca de la Alianza?,Madera de acacia,Madera de cedro,Madera de ciprés,De qual madeira específica Deus ordenou que se construísse a Arca da Aliança?,Madeira de acácia,Madeira de cedro,Madeira de cipreste,What specific wood did God command the Ark of the Covenant to be built from?,Acacia wood,Cedar wood,Cypress wood,1,FALSE
Mundial_1,2,eventos,¿Qué rey de Judá fue castigado con lepra hasta el día de su muerte por quemar incienso en el templo?,Uzías,Acaz,Jotán,Qual rei de Judá foi castigado com lepra até o dia da sua morte por queimar incenso no templo?,Uzias,Acaz,Jotão,Which king of Judah was struck with leprosy until the day of his death for burning incense in the temple?,Uzziah,Ahaz,Jotham,1,FALSE
Mundial_1,2,versiculos,"¿En qué epístola se menciona a los ángeles que no guardaron su dignidad, sino que abandonaron su propia morada?",Judas,2 Pedro,Apocalipsis,"Em qual epístola são mencionados os anjos que não guardaram o seu principado, mas deixaram a sua própria habitação?",Judas,2 Pedro,Apocalipse,In which epistle are the angels who did not keep their positions of authority but abandoned their proper dwelling mentioned?,Jude,2 Peter,Revelation,1,FALSE
Mundial_1,2,ciudades,¿A qué ciudad intentaba huir Jonás en barco para escapar de la presencia de Dios?,Tarsis,Jope,Tiro,Para qual cidade Jonas tentava fugir de barco para escapar da presença de Deus?,Társis,Jope,Tiro,To which city was Jonah attempting to flee by ship to escape from the presence of the Lord?,Tarshish,Joppa,Tyre,1,FALSE
Mundial_1,2,personajes,¿Qué líder eunuco etíope rescató al profeta Jeremías de la cisterna de lodo?,Ebed-melec,Sarsaquin,Aspenaz,Qual líder eunuco etíope resgatou o profeta Jeremias da cisterna de lama?,Ebede-Meleque,Sarseque,Aspenaz,Which Ethiopian eunuch official rescued the prophet Jeremiah from the muddy cistern?,Ebed-Melech,Sarsechim,Ashpenaz,1,FALSE
Mundial_1,2,elementos,¿Con qué objeto midió el ángel la ciudad de Jerusalén en la visión del profeta Zacarías?,Un cordel de medir,Una caña de oro,Una plomada de albañil,Com qual objeto o anjo mediu a cidade de Jerusalém na visão do profeta Zacarias?,Um cordel de medir,Uma cana de ouro,Um prumo de pedreiro,With what object did the man measure the city of Jerusalem in Zechariah's vision?,A measuring line,A golden reed,A plumb line,1,FALSE
Mundial_1,2,eventos,"¿Qué tribus levantaron un altar llamado ""Ed"" junto al río Jordán, casi provocando una guerra civil?","Rubén, Gad y media tribu de Manasés",Efraín y Manasés,Judá y Benjamín,"Quais tribos levantaram um altar chamado ""Ed"" junto ao rio Jordão, quase provocando uma guerra civil?","Rúben, Gade e meia tribo de Manassés",Efraim e Manassés,Judá e Benjamim,"Which tribes built an altar named ""Ed"" by the Jordan River, almost causing a civil war?","Reuben, Gad, and the half-tribe of Manasseh",Ephraim and Manasseh,Judah and Benjamin,1,FALSE
Mundial_1,2,versiculos,"¿Qué profeta escribió: ""Aunque la higuera no florezca, ni en las vides haya frutos...""?",Habacuc,Hageo,Miqueas,"Qual profeta escreveu: ""Ainda que a figueira não floresça, nem haja fruto na vide...""?",Habacuque,Ageu,Miqueias,"Which prophet wrote: ""Though the fig tree does not bud and there are no grapes on the vines...""?",Habakkuk,Haggai,Micah,1,FALSE
Mundial_1,3,ciudades,"¿En qué ciudad se le apareció el Señor a Pablo de noche diciendo: ""No temas, sino habla y no calles""?",Corinto,Éfeso,Atenas,"Em qual cidade o Senhor apareceu a Paulo de noite dizendo: ""Não temas, mas fala, e não te cales""?",Corinto,Éfeso,Atenas,"In which city did the Lord appear to Paul in a night vision saying: ""Do not be afraid; keep on speaking, do not be silent""?",Corinth,Ephesus,Athens,1,FALSE
Mundial_1,3,elementos,¿De qué color era el cordón que Rahab ató a su ventana para salvar a su familia en Jericó?,Grana (rojo),Púrpura,Azul,De que cor era o cordão que Raabe amarrou em sua janela para salvar sua família em Jericó?,Escarlate (vermelho),Púrpura,Azul,What color was the cord that Rahab tied in her window to save her family in Jericho?,Scarlet (red),Purple,Blue,1,FALSE
Mundial_1,3,personajes,¿Qué valiente de David mató a dos leones de Moab y a un egipcio de gran estatura?,Benaías,Abisai,Asael,Qual valente de Davi matou dois leões de Moabe e um egípcio de grande estatura?,Benaia,Abisai,Asael,Which of David's mighty warriors killed two of Moab's best men and a huge Egyptian?,Benaiah,Abishai,Asahel,1,FALSE
Mundial_1,3,eventos,¿Qué suceso milagroso ocurrió cuando Eliseo golpeó las aguas del Jordán con el manto de Elías?,Las aguas se dividieron en dos,El agua se volvió dulce,Apareció fuego del cielo,Qual evento miraculoso ocorreu quando Eliseu feriu as águas do Jordão com a capa de Elias?,As águas se dividiram em duas,A água tornou-se doce,Fogo caiu do céu,What miraculous event occurred when Elisha struck the waters of the Jordan with Elijah's cloak?,The waters divided in two,The water became sweet,Fire came from heaven,1,FALSE
Mundial_1,3,versiculos,"¿En qué libro se describe a Dios como el ""Anciano de días"" cuyo vestido era blanco como la nieve?",Daniel,Ezequiel,Apocalipsis,"Em qual livro Deus é descrito como o ""Ancião de dias"" cuja veste era branca como a neve?",Daniel,Ezequiel,Apocalipse,"In which book is God described as the ""Ancient of Days"" whose clothing was as white as snow?",Daniel,Ezekiel,Revelation,1,FALSE
Mundial_1,3,ciudades,¿Qué ciudad edificó el rey Jeroboam en los montes de Efraín para que fuera su capital inicial?,Siquem,Tirsa,Samaria,Qual cidade o rei Jeroboão edificou na região montanhosa de Efraim para ser sua capital inicial?,Siquém,Tirza,Samaria,Which city did King Jeroboam build in the hill country of Ephraim to be his initial capital?,Shechem,Tirzah,Samaria,1,FALSE
Mundial_1,3,elementos,¿Qué instrumento inusual usó el juez Samgar para matar a seiscientos filisteos?,Una aguijada de bueyes,Una quijada de asno,Una honda de pastor,Que instrumento incomum o juiz Sangar usou para matar seiscentos filisteus?,Uma aguilhada de bois,Uma queixada de jumento,Uma funda de pastor,What unusual instrument did the judge Shamgar use to strike down six hundred Philistines?,An oxgoad,A donkey's jawbone,A shepherd's sling,1,FALSE
Mundial_1,3,personajes,"¿Quién fue el suegro de Moisés, también conocido como Jetro, sacerdote de Madián?",Reuel,Hobab,Balac,"Quem foi o sogro de Moisés, também conhecido como Jetro, sacerdote de Midiã?",Reuel,Hobabe,Balaque,"Who was Moses' father-in-law, also known as Jethro, the priest of Midian?",Reuel,Hobab,Balak,1,FALSE
Mundial_1,3,eventos,¿Bajo qué árbol estaba sentado el ángel del Señor cuando se le apareció a Gedeón por primera vez?,Una encina (o roble),Una palmera,Un sicómoro,Debaixo de qual árvore o anjo do Senhor estava sentado quando apareceu a Gideão pela primeira vez?,Um carvalho,Uma palmeira,Uma figueira brava,Under what kind of tree was the angel of the Lord sitting when he first appeared to Gideon?,An oak tree,A palm tree,A sycamore-fig tree,1,FALSE
Mundial_1,3,versiculos,¿A quién dirige el apóstol Juan su segunda epístola (2 Juan)?,A la señora elegida y a sus hijos,A Gayo el amado,A la iglesia en Pérgamo,A quem o apóstolo João dirige sua segunda epístola (2 João)?,À senhora eleita e aos seus filhos,"A Gaio, o amado",À igreja em Pérgamo,To whom does the apostle John address his second epistle (2 John)?,To the chosen lady and her children,To Gaius the beloved,To the church in Pergamum,1,FALSE
Mundial_1,3,ciudades,¿En qué ciudad griega pronunció Pablo su famoso discurso en la colina del Areópago?,Atenas,Roma,Filipos,Em qual cidade grega Paulo proferiu seu famoso discurso na colina do Areópago?,Atenas,Roma,Filipos,In which Greek city did Paul deliver his famous speech at the Areopagus (Mars Hill)?,Athens,Rome,Philippi,1,FALSE
Mundial_1,3,elementos,¿Qué piedra preciosa constituía el primer fundamento del muro de la Nueva Jerusalén?,Jaspe,Zafiro,Esmeralda,Qual pedra preciosa constituía o primeiro fundamento do muro da Nova Jerusalém?,Jaspe,Safira,Esmeralda,What precious stone formed the first foundation of the wall of the New Jerusalem?,Jasper,Sapphire,Emerald,1,FALSE
Mundial_1,3,personajes,¿Qué hijo primogénito del rey David traicionó la confianza familiar al violar a su media hermana Tamar?,Amnón,Absalón,Adonías,Qual filho primogênito do rei Davi traiu a confiança familiar ao estuprar sua meia-irmã Tamar?,Amnom,Absalão,Adonias,Which firstborn son of King David betrayed family trust by violating his half-sister Tamar?,Amnon,Absalom,Adonijah,1,FALSE
Mundial_1,3,eventos,¿Qué hizo el rey Joacim de Judá con el rollo de las profecías de Jeremías?,Lo cortó con un cortaplumas y lo quemó,Lo guardó en el arca del templo,Se lo envió al rey de Babilonia,O que o rei Jeoaquim de Judá fez com o rolo das profecias de Jeremias?,Cortou-o com um canivete e o queimou,Guardou-o na arca do templo,Enviou-o ao rei da Babilônia,What did King Jehoiakim of Judah do with the scroll of Jeremiah's prophecies?,Cut it with a scribe's knife and burned it,Stored it in the temple ark,Sent it to the king of Babylon,1,FALSE
Mundial_1,3,versiculos,"¿Qué libro poético del Antiguo Testamento afirma que ""el hierro con hierro se aguza""?",Proverbios,Eclesiastés,Job,"Qual livro poético do Antigo Testamento afirma que ""o ferro com o ferro se aguça""?",Provérbios,Eclesiastes,Jó,"Which poetic book of the Old Testament states that ""iron sharpens iron""?",Proverbs,Ecclesiastes,Job,1,FALSE
Mundial_1,3,ciudades,¿Qué ciudad fue destruida por Josué con una maldición sobre quien intentara reconstruir sus muros?,Jericó,Hai,Hazor,Qual cidade foi destruída por Josué com uma maldição sobre quem tentasse reconstruir seus muros?,Jericó,Ai,Hazor,Which city was destroyed by Joshua with a curse placed on anyone who would rebuild its walls?,Jericho,Ai,Hazor,1,FALSE
Mundial_1,3,elementos,¿Con qué vistió Dios a Adán y Eva antes de expulsarlos del jardín del Edén?,Túnicas de pieles,Hojas de higuera cosidas,Vestiduras de lino fino,Com o que Deus vestiu Adão e Eva antes de expulsá-los do jardim do Éden?,Túnicas de peles,Folhas de figueira costuradas,Vestes de linho fino,What did God use to clothe Adam and Eve before banishing them from the Garden of Eden?,Garments of skin,Sewn fig leaves,Garments of fine linen,1,FALSE
Mundial_1,3,personajes,"¿Qué emperador romano ordenó que todos los judíos salieran de Roma, obligando a huir a Aquila y Priscila?",Claudio,Nerón,Augusto,"Qual imperador romano ordenou que todos os judeus saíssem de Roma, forçando Áquila e Priscila a fugir?",Cláudio,Nero,Augusto,"Which Roman emperor ordered all Jews to leave Rome, forcing Aquila and Priscilla to flee?",Claudius,Nero,Augustus,1,FALSE
Mundial_1,3,eventos,¿Por cuántas monedas o peso de plata compró el rey Omri el monte donde edificó la ciudad de Samaria?,Dos talentos de plata,Treinta piezas de plata,Cien siclos de plata,Por quantas moedas ou peso de prata o rei Onri comprou o monte onde edificou a cidade de Samaria?,Dois talentos de prata,Trinta moedas de prata,Cem siclos de prata,For how much silver did King Omri buy the hill on which he built the city of Samaria?,Two talents of silver,Thirty pieces of silver,One hundred shekels of silver,1,FALSE
Mundial_1,3,versiculos,"¿Qué capítulo del libro de Hebreos es ampliamente conocido por los teólogos como el ""Salón de la Fe""?",Hebreos 11,Hebreos 10,Hebreos 12,"Qual capítulo do livro de Hebreus é amplamente conhecido pelos teólogos como a ""Galeria da Fé""?",Hebreus 11,Hebreus 10,Hebreus 12,"Which chapter in the book of Hebrews is widely known by theologians as the ""Hall of Faith""?",Hebrews 11,Hebrews 10,Hebrews 12,1,FALSE
Mundial_1,4,ciudades,¿En qué ciudad de Licaonia fue Pablo apedreado y arrastrado fuera de los muros creyéndole muerto?,Listra,Iconio,Derbe,"Em qual cidade da Licaônia Paulo foi apedrejado e arrastado para fora dos muros, dando-o por morto?",Listra,Icônio,Derbe,"In which Lycaonian city was Paul stoned and dragged outside the city walls, presumed dead?",Lystra,Iconium,Derbe,1,FALSE
Mundial_1,4,elementos,¿Qué tipo de ave soltó Noé primero desde el arca para ver si las aguas del diluvio se habían secado?,Un cuervo,Una paloma,Un halcón,Que tipo de ave Noé soltou primeiro da arca para ver se as águas do dilúvio tinham secado?,Um corvo,Uma pomba,Um falcão,What kind of bird did Noah release first from the ark to see if the floodwaters had receded?,A raven,A dove,A hawk,1,FALSE
Mundial_1,4,personajes,¿Qué falso profeta rompió el yugo de madera de Jeremías y luego murió ese mismo año según la profecía divina?,Hananías,Pasur,Semaías,Qual falso profeta quebrou o jugo de madeira de Jeremias e depois morreu naquele mesmo ano segundo a profecia divina?,Hananias,Pasur,Semaías,Which false prophet broke the wooden yoke off Jeremiah's neck and died that same year according to divine prophecy?,Hananiah,Pashhur,Shemaiah,1,FALSE
Mundial_1,4,eventos,¿Qué desastre geológico ocurrió en Jerusalén exactamente cuando Jesús exhaló el último suspiro en la cruz?,Hubo un terremoto y las rocas se partieron,Un huracán oscureció el cielo bruscamente,El monte del Templo se derrumbó,Qual desastre geológico ocorreu em Jerusalém exatamente quando Jesus deu o último suspiro na cruz?,Houve um terremoto e as rochas se fenderam,Um furacão escureceu o céu bruscamente,O monte do Templo desabou,What geological disaster occurred in Jerusalem at the exact moment Jesus breathed his last on the cross?,There was an earthquake and the rocks split,A hurricane suddenly darkened the sky,The Temple mount collapsed,1,FALSE
Mundial_1,4,versiculos,"¿Qué apóstol exhorta a la iglesia diciendo: ""Echando toda vuestra ansiedad sobre él, porque él tiene cuidado de vosotros""?",Pedro (1 Pedro),Pablo (Filipenses),Juan (1 Juan),"Qual apóstolo exorta a igreja dizendo: ""Lançando sobre ele toda a vossa ansiedade, porque ele tem cuidado de vós""?",Pedro (1 Pedro),Paulo (Filipenses),João (1 João),"Which apostle exhorts the church by saying: ""Cast all your anxiety on him because he cares for you""?",Peter (1 Peter),Paul (Philippians),John (1 John),1,FALSE
Mundial_1,4,ciudades,¿Qué poderosa ciudad comercial y marítima fue profetizada por Ezequiel que sería arrasada y arrojada al mar?,Tiro,Sidón,Tarsis,Qual poderosa cidade comercial e marítima foi profetizada por Ezequiel que seria arrasada e lançada ao mar?,Tiro,Sidom,Társis,Which powerful maritime and commercial city was prophesied by Ezekiel to be destroyed and thrown into the sea?,Tyre,Sidon,Tarshish,1,FALSE
Mundial_1,4,elementos,¿De qué material ordenó Dios que estuviera hecha la serpiente que Moisés levantó en un asta en el desierto?,Bronce,Oro puro,Hierro forjado,De que material Deus ordenou que fosse feita a serpente que Moisés levantou em uma haste no deserto?,Bronze,Ouro puro,Ferro forjado,Of what material did God command the serpent that Moses lifted up on a pole in the wilderness to be made?,Bronze,Pure gold,Forged iron,1,FALSE
Mundial_1,4,personajes,¿Quién era el sumo sacerdote que encontró el Libro de la Ley perdido en el templo durante las reformas del rey Josías?,Hilcías,Sadoc,Joiada,Quem era o sumo sacerdote que encontrou o Livro da Lei perdido no templo durante as reformas do rei Josias?,Hilquias,Zadoque,Joiada,Who was the high priest that found the lost Book of the Law in the temple during King Josiah's reforms?,Hilkiah,Zadok,Jehoiada,1,FALSE
Mundial_1,4,eventos,¿Qué festividad agrícola y religiosa estaban celebrando los judíos cuando el Espíritu Santo descendió en el aposento alto?,Pentecostés (Fiesta de las Semanas),La Pascua (Panes sin levadura),Los Tabernáculos (Enramadas),Qual festividade agrícola e religiosa os judeus estavam celebrando quando o Espírito Santo desceu no cenáculo?,Pentecostes (Festa das Semanas),A Páscoa (Pães asmos),Os Tabernáculos (Cabanas),What agricultural and religious festival were the Jews celebrating when the Holy Spirit descended in the upper room?,Pentecost (Feast of Weeks),Passover (Unleavened Bread),Tabernacles (Booths),1,FALSE
Mundial_1,4,versiculos,"¿En qué libro de los profetas menores se encuentra la profecía: ""Mas tú, Belén Efrata, pequeña para estar entre las familias de Judá...""?",Miqueas,Isaías,Zacarías,"Em qual livro dos profetas menores encontra-se a profecia: ""E tu, Belém Efrata, posto que pequena entre os milhares de Judá...""?",Miqueias,Isaías,Zacarias,"In which book of the minor prophets is the prophecy found: ""But you, Bethlehem Ephrathah, though you are small among the clans of Judah...""?",Micah,Isaiah,Zechariah,1,FALSE
Mundial_1,4,ciudades,¿En qué ciudad portuaria el rey Herodes Agripa I fue herido por un ángel y comido de gusanos tras aceptar adoración pública?,Cesarea,Jerusalén,Tiberíades,Em qual cidade portuária o rei Herodes Agripa I foi ferido por um anjo e comido de vermes após aceitar adoração pública?,Cesareia,Jerusalém,Tiberíades,In which port city was King Herod Agrippa I struck down by an angel and eaten by worms after accepting public worship?,Caesarea,Jerusalem,Tiberias,1,FALSE
Mundial_1,4,elementos,¿Qué insólito manjar encontró el juez Sansón dentro del esqueleto del león que había despedazado tiempo atrás?,Miel,Agua cristalina,Un racimo de uvas silvestres,Que iguaria insólita o juiz Sansão encontrou dentro do esqueleto do leão que havia despedaçado tempos antes?,Mel,Água cristalina,Um cacho de uvas silvestres,What unusual delicacy did the judge Samson find inside the carcass of the lion he had torn apart some time before?,Honey,Crystal clear water,A cluster of wild grapes,1,FALSE
Mundial_1,4,personajes,¿Qué mujer prudente evitó que David derramara sangre al llevarle provisiones a escondidas de su necio marido Nabal?,Abigail,Mical,Ahinoam,Qual mulher prudente evitou que Davi derramasse sangue ao levar-lhe provisões escondida de seu tolo marido Nabal?,Abigail,Mical,Ainoã,Which wise woman kept David from shedding blood by secretly bringing him provisions behind her foolish husband Nabal's back?,Abigail,Michal,Ahinoam,1,FALSE
Mundial_1,4,eventos,¿A qué rey de Judá le fueron añadidos 15 años más de vida tras llorar amargamente ante la pared por la profecía de su muerte inminente?,Ezequías,Josías,Manasés,A qual rei de Judá foram acrescentados mais 15 anos de vida após chorar amargamente virado para a parede pela profecia de sua morte iminente?,Ezequias,Josias,Manassés,Which king of Judah was granted 15 more years of life after weeping bitterly at the wall over the prophecy of his imminent death?,Hezekiah,Josiah,Manasseh,1,FALSE
Mundial_1,4,versiculos,"¿En qué capítulo del Génesis se encuentra el Protoevangelio, la promesa de que la simiente de la mujer aplastaría la cabeza de la serpiente?",Génesis 3,Génesis 1,Génesis 12,"Em qual capítulo de Gênesis encontra-se o Protoevangelho, a promessa de que a semente da mulher esmagaria a cabeça da serpente?",Gênesis 3,Gênesis 1,Gênesis 12,"In which chapter of Genesis is the Protoevangelium found, the promise that the offspring of the woman would crush the serpent's head?",Genesis 3,Genesis 1,Genesis 12,1,FALSE
Mundial_1,4,ciudades,"¿Cuál era la ciudad de origen del apóstol Felipe, que compartía con los hermanos Andrés y Pedro?",Betsaida,Capernaúm,Nazaret,"Qual era a cidade de origem do apóstolo Filipe, que ele compartilhava com os irmãos André e Pedro?",Betsaida,Cafarnaum,Nazaré,"What was the hometown of the apostle Philip, which he shared with the brothers Andrew and Peter?",Bethsaida,Capernaum,Nazareth,1,FALSE
Mundial_1,4,elementos,¿Con qué herramienta rudimentaria atravesó Jael las sienes del temible comandante cananeo Sísara mientras dormía?,Una estaca de tienda,Una espada de doble filo,Una flecha envenenada,Com qual ferramenta rudimentar Jael atravessou as fontes do temível comandante cananeu Sísera enquanto ele dormia?,Uma estaca de tenda,Uma espada de dois gumes,Uma flecha envenenada,With what rudimentary tool did Jael pierce the temples of the fearsome Canaanite commander Sisera while he slept?,A tent peg,A double-edged sword,A poisoned arrow,1,FALSE
Mundial_1,4,personajes,¿Qué líder copero del rey persa Artajerjes reedificó los muros de Jerusalén en solo 52 días superando la oposición de Sanbalat?,Nehemías,Esdras,Zorobabel,Qual líder e copeiro do rei persa Artaxerxes reedificou os muros de Jerusalém em apenas 52 dias superando a oposição de Sambalate?,Neemias,Esdras,Zorobabel,"Which cupbearer to the Persian King Artaxerxes rebuilt the walls of Jerusalem in just 52 days, overcoming Sanballat's opposition?",Nehemiah,Ezra,Zerubbabel,1,FALSE
Mundial_1,4,eventos,¿Qué milagro específico de Jesús tiene la particularidad de ser el único registrado en los cuatro Evangelios antes de la semana de la pasión?,La alimentación de los cinco mil,Caminar sobre el mar agitado,La resurrección de Lázaro de Betania,Qual milagre específico de Jesus tem a particularidade de ser o único registrado nos quatro Evangelhos antes da semana da paixão?,A multiplicação dos pães e peixes,Andar sobre o mar agitado,A ressurreição de Lázaro de Betânia,Which specific miracle of Jesus holds the distinction of being the only one recorded in all four Gospels prior to Passion Week?,The feeding of the five thousand,Walking on the rough sea,The raising of Lazarus of Bethany,1,FALSE
Mundial_1,4,versiculos,"¿Qué Salmo comienza con las célebres palabras ""Dios es nuestro amparo y fortaleza, nuestro pronto auxilio en las tribulaciones""?",Salmo 46,Salmo 91,Salmo 27,"Qual Salmo começa com as célebres palavras ""Deus é o nosso refúgio e fortaleza, socorro bem presente na angústia""?",Salmo 46,Salmo 91,Salmo 27,"Which Psalm begins with the famous words ""God is our refuge and strength, an ever-present help in trouble""?",Psalm 46,Psalm 91,Psalm 27,1,FALSE
Mundial_1,5,ciudades,"¿A qué ciudad huyó el rey David para escapar del rey Saúl, donde fingió estar loco ante el rey Aquis?",Gat,Ascalón,Ecrón,"Para qual cidade o rei Davi fugiu para escapar do rei Saul, onde fingiu estar louco diante do rei Aquis?",Gate,Ascalom,Ecrom,"To which city did King David flee to escape King Saul, where he feigned madness before King Achish?",Gath,Ashkelon,Ekron,1,FALSE
Mundial_1,5,personajes,"¿Cómo se llamaba el abuelo del rey Saúl, padre de Cis?",Abiel,Ner,Afía,"Como se chamava o avô do rei Saul, pai de Quis?",Abiel,Ner,Afias,"What was the name of King Saul's grandfather, the father of Kish?",Abiel,Ner,Aphiah,1,FALSE
Mundial_1,5,elementos,¿Cuántos siclos de plata pesaba el cabello de Absalón cuando se lo cortaba al final de cada año?,Doscientos siclos,Cien siclos,Trescientos siclos,Quantos siclos de prata pesava o cabelo de Absalão quando ele o cortava no final de cada ano?,Duzentos siclos,Cem siclos,Trezentos siclos,How many shekels of silver did Absalom's hair weigh when he cut it at the end of every year?,Two hundred shekels,One hundred shekels,Three hundred shekels,1,FALSE
Mundial_1,5,eventos,"¿Qué rey asirio deportó a los israelitas a Halah, a las orillas del río Habor y a las ciudades de los medos?",Salmanasar,Senaquerib,Tiglat-pileser,"Qual rei assírio deportou os israelitas para Hala, às margens do rio Habor e para as cidades dos medos?",Salmaneser,Senaqueribe,Tiglate-Pileser,"Which Assyrian king deported the Israelites to Halah, along the Habor River, and to the towns of the Medes?",Shalmaneser,Sennacherib,Tiglath-Pileser,1,FALSE
Mundial_1,5,versiculos,"¿Qué profeta escribió sobre el ""valle de la decisión"" donde las multitudes se congregan para el juicio?",Joel,Sofonías,Amós,"Qual profeta escreveu sobre o ""vale da decisão"" onde as multidões se reúnem para o juízo?",Joel,Sofonias,Amós,"Which prophet wrote about the ""valley of decision"" where multitudes gather for judgment?",Joel,Zephaniah,Amos,1,FALSE
Mundial_1,5,ciudades,"¿En qué ciudad construyó Jeroboam uno de sus dos becerros de oro, ubicada en el extremo norte de Israel?",Dan,Betel,Siquem,"Em qual cidade Jeroboão construiu um de seus dois bezerros de ouro, localizada no extremo norte de Israel?",Dã,Betel,Siquém,"In which city did Jeroboam set up one of his two golden calves, located in the far north of Israel?",Dan,Bethel,Shechem,1,FALSE
Mundial_1,5,personajes,"¿Quién era el padre de los jebuseos, de quien descendían los habitantes de Jerusalén antes de David?",Canaán,Mizraim,Cus,"Quem era o pai dos jebuseus, de quem descendiam os habitantes de Jerusalém antes de Davi?",Canaã,Mizraim,Cuxe,"Who was the father of the Jebusites, from whom the inhabitants of Jerusalem before David descended?",Canaan,Mizraim,Cush,1,FALSE
Mundial_1,5,elementos,¿Qué madera usó Salomón para tallar los dos enormes querubines dentro del lugar santísimo?,Madera de olivo,Madera de cedro,Madera de ciprés,Que madeira Salomão usou para esculpir os dois enormes querubins dentro do Santo dos Santos?,Madeira de oliveira,Madeira de cedro,Madeira de cipreste,What wood did Solomon use to carve the two massive cherubim inside the Most Holy Place?,Olive wood,Cedar wood,Cypress wood,1,FALSE
Mundial_1,5,eventos,"¿Cuántos hombres zurdos de Benjamín, que no fallaban una pedrada, formaban la élite de su ejército?",Setecientos,Trescientos,Mil doscientos,"Quantos homens canhotos de Benjamim, que não erravam uma pedrada, formavam a elite do seu exército?",Setecentos,Trezentos,Mil e duzentos,"How many left-handed men from Benjamin, who could sling a stone at a hair and not miss, formed their elite army?",Seven hundred,Three hundred,Twelve hundred,1,FALSE
Mundial_1,5,versiculos,¿Qué libro profético del Antiguo Testamento tiene solo 21 versículos?,Abdías,Hageo,Nahúm,Qual livro profético do Antigo Testamento tem apenas 21 versículos?,Obadias,Ageu,Naum,Which prophetic book of the Old Testament has only 21 verses?,Obadiah,Haggai,Nahum,1,FALSE
Mundial_1,5,ciudades,¿De qué ciudad era originario el profeta Elías?,Tisbe,Ramá,Galaad,De qual cidade era originário o profeta Elias?,Tisbe,Ramá,Gileade,From which town did the prophet Elijah originate?,Tishbe,Ramah,Gilead,1,FALSE
Mundial_1,5,personajes,¿Qué hija de Lea y Jacob fue deshonrada por Siquem?,Dina,Milca,Isca,Qual filha de Lia e Jacó foi desonrada por Siquém?,Diná,Milca,Isca,Which daughter of Leah and Jacob was defiled by Shechem?,Dinah,Milcah,Iscah,1,FALSE
Mundial_1,5,elementos,¿Qué perfume purísimo derramó María de Betania sobre los pies de Jesús?,Nardo puro,Mirra líquida,Incienso blanco,Que perfume puríssimo Maria de Betânia derramou sobre os pés de Jesus?,Nardo puro,Mirra líquida,Incenso branco,What pure perfume did Mary of Bethany pour on Jesus' feet?,Pure nard,Liquid myrrh,White frankincense,1,FALSE
Mundial_1,5,eventos,¿A cuántos sátrapas colocó el rey Darío sobre todo su reino babilónico?,Ciento veinte,Ciento cincuenta,Setenta,A quantos sátrapas o rei Dario colocou sobre todo o seu reino babilônico?,Cento e vinte,Cento e cinquenta,Setenta,How many satraps did King Darius appoint over his entire Babylonian kingdom?,One hundred and twenty,One hundred and fifty,Seventy,1,FALSE
Mundial_1,5,versiculos,¿Qué apóstol cita a Enoc al referirse al juicio de los impíos en su carta?,Judas,Pedro,Pablo,Qual apóstolo cita Enoque ao se referir ao julgamento dos ímpios em sua carta?,Judas,Pedro,Paulo,Which apostle quotes Enoch when referring to the judgment of the ungodly in his letter?,Jude,Peter,Paul,1,FALSE
Mundial_1,5,ciudades,"¿En qué ciudad Abimelec, hijo de Gedeón, murió tras caerle una piedra de molino en la cabeza?",Tebes,Siquem,Peniel,"Em qual cidade Abimeleque, filho de Gideão, morreu após uma pedra de moinho cair em sua cabeça?",Tebes,Siquém,Peniel,"In which city did Abimelech, son of Gideon, die after a millstone was dropped on his head?",Thebez,Shechem,Peniel,1,FALSE
Mundial_1,5,personajes,"¿Quién era la nodriza de Rebeca, enterrada debajo de una encina en Betel?",Débora,Keturah,Milca,"Quem era a ama de Rebeca, enterrada debaixo de um carvalho em Betel?",Débora,Quetura,Milca,"Who was Rebekah's nurse, buried under an oak tree below Bethel?",Deborah,Keturah,Milcah,1,FALSE
Mundial_1,5,elementos,"¿Cuántos carros de hierro tenía Sísara, el comandante del rey Jabín?",Novecientos,Seiscientos,Mil,"Quantos carros de ferro tinha Sísera, o comandante do rei Jabim?",Novecentos,Seiscentos,Mil,"How many iron chariots did Sisera, the commander of King Jabin, possess?",Nine hundred,Six hundred,One thousand,1,FALSE
Mundial_1,5,eventos,¿Quién encontró aguas termales en el desierto mientras apacentaba los asnos de su padre Zibeón?,Ana,Esaú,Elifaz,Quem encontrou fontes termais no deserto enquanto pastoreava os jumentos de seu pai Zibeão?,Aná,Esaú,Elifaz,Who found hot springs in the wilderness while pasturing the donkeys of his father Zibeon?,Anah,Esau,Eliphaz,1,FALSE
Mundial_1,5,versiculos,"Según Proverbios 30, ¿qué animal construye su casa en la roca a pesar de ser débil?",El tejón (damán),La hormiga,La langosta,"Segundo Provérbios 30, que animal constrói sua casa na rocha, apesar de ser fraco?",O arganaz,A formiga,O gafanhoto,"According to Proverbs 30, which animal makes its home in the crags despite being weak?",The coney (hyrax),The ant,The locust,1,FALSE
Mundial_1,5,ciudades,"¿Qué región cedió Salomón al rey Hiram, que no le agradó y la llamó ""Tierra de Cabul""?",Veinte ciudades en Galilea,Megido y Hazor,Gazer y Bet-horón,"Qual região Salomão cedeu ao rei Hirão, que não o agradou e a chamou de ""Terra de Cabul""?",Vinte cidades na Galileia,Megido e Hazor,Gezer e Bete-Horom,"What region did Solomon give to King Hiram, which he disliked and called the ""Land of Cabul""?",Twenty towns in Galilee,Megiddo and Hazor,Gezer and Beth Horon,1,FALSE
Mundial_1,5,personajes,¿Quién era el rey de Basán cuya cama de hierro medía más de cuatro metros?,Og,Sihón,Goliat,Quem era o rei de Basã cuja cama de ferro media mais de quatro metros?,Ogue,Seom,Golias,Who was the king of Bashan whose iron bed was over thirteen feet long?,Og,Sihon,Goliath,1,FALSE
Mundial_1,5,elementos,¿Qué nombre despectivo le dio el rey Ezequías a la serpiente de bronce de Moisés al destruirla?,Nehustán,Leviatán,Terapín,Que nome pejorativo o rei Ezequias deu à serpente de bronze de Moisés ao destruí-la?,Neustã,Leviatã,Terafim,What derogatory name did King Hezekiah give to Moses' bronze serpent when he destroyed it?,Nehushtan,Leviathan,Teraphim,1,FALSE
Mundial_1,5,eventos,¿Cuántas cabezas de los hijos de Acab fueron enviadas a Jehú en Jezreel en canastas?,Setenta,Cincuenta,Cuarenta y dos,Quantas cabeças dos filhos de Acabe foram enviadas a Jeú em Jezreel em cestos?,Setenta,Cinquenta,Quarenta e dois,How many heads of Ahab's sons were sent to Jehu in Jezreel in baskets?,Seventy,Fifty,Forty-two,1,FALSE
Mundial_1,5,versiculos,¿En qué capítulo de Levítico se detalla por completo el Día de la Expiación (Yom Kipur)?,Levítico 16,Levítico 23,Levítico 11,Em qual capítulo de Levítico é detalhado completamente o Dia da Expiação (Yom Kippur)?,Levítico 16,Levítico 23,Levítico 11,In which chapter of Leviticus is the Day of Atonement (Yom Kippur) completely detailed?,Leviticus 16,Leviticus 23,Leviticus 11,1,FALSE
Mundial_1,6,ciudades,"¿Dónde fue ungido David como rey sobre todo Israel, tras la muerte de Is-boset?",Hebrón,Jerusalén,Belén,"Onde Davi foi ungido como rei sobre todo o Israel, após a morte de Is-Bosete?",Hebrom,Jerusalém,Belém,"Where was David anointed king over all Israel, after the death of Ish-bosheth?",Hebron,Jerusalem,Bethlehem,1,FALSE
Mundial_1,6,personajes,¿Quién fue el eunuco de la reina Ester encargado de averiguar qué le sucedía a Mardoqueo?,Hatac,Hegai,Bigitán,Quem foi o eunuco da rainha Ester encarregado de descobrir o que estava acontecendo com Mardoqueu?,Hataque,Hegai,Bigtã,Who was Queen Esther's eunuch tasked with finding out what was troubling Mordecai?,Hathak,Hegai,Bigthan,1,FALSE
Mundial_1,6,elementos,¿Cuántos talentos de oro anuales recibía el rey Salomón como ingresos estándar?,Seiscientos sesenta y seis,Quinientos,Mil,Quantos talentos de ouro anuais o rei Salomão recebia como receita padrão?,Seiscentos e sessenta e seis,Quinhentos,Mil,How many talents of gold did King Solomon receive annually as standard revenue?,Six hundred and sixty-six,Five hundred,One thousand,1,FALSE
Mundial_1,6,eventos,¿En qué mes se enteró Nehemías de la ruina de los muros de Jerusalén?,Mes de Quisleu,Mes de Nisán,Mes de Abib,Em qual mês Neemias soube da ruína dos muros de Jerusalém?,Mês de Quislev,Mês de Nisã,Mês de Abibe,In which month did Nehemiah hear of the ruin of Jerusalem's walls?,Month of Kislev,Month of Nisan,Month of Abib,1,FALSE
Mundial_1,6,eventos,¿Cuántos años tenía Josías cuando comenzó a reinar sobre Judá?,Ocho años,Doce años,Siete años,Quantos anos tinha Josias quando começou a reinar sobre Judá?,Oito anos,Doze anos,Sete anos,How old was Josiah when he began to reign over Judah?,Eight years old,Twelve years old,Seven years old,1,FALSE
Mundial_1,6,versiculos,"¿Qué epístola paulina ruega por el esclavo Onésimo, pidiendo que sea recibido como hermano?",Filemón,Tito,Colosenses,"Qual epístola paulina roga pelo escravo Onésimo, pedindo que seja recebido como irmão?",Filemom,Tito,Colossenses,"Which Pauline epistle pleads for the slave Onesimus, asking him to be received as a brother?",Philemon,Titus,Colossians,1,FALSE
Mundial_1,6,ciudades,¿A qué ciudad fue Pablo enviado como prisionero en un barco desde Cesarea para apelar al César?,Roma,Atenas,Alejandría,Para qual cidade Paulo foi enviado como prisioneiro em um navio de Cesareia para apelar a César?,Roma,Atenas,Alexandria,To which city was Paul sent as a prisoner on a ship from Caesarea to appeal to Caesar?,Rome,Athens,Alexandria,1,FALSE
Mundial_1,6,personajes,¿Qué sacerdote rebelde fue tragado por la tierra junto con Datán y Abiram en el desierto?,Coré,Nadab,Finees,Qual sacerdote rebelde foi engolido pela terra junto com Datã e Abirão no deserto?,Corá,Nadabe,Fineias,Which rebellious priest was swallowed by the earth along with Dathan and Abiram in the wilderness?,Korah,Nadab,Phinehas,1,FALSE
Mundial_1,6,elementos,¿Qué piedra preciosa representaba a la tribu de Judá en la primera hilera del pectoral del sumo sacerdote?,Sardio (Cornalina),Zafiro,Esmeralda,Qual pedra preciosa representava a tribo de Judá na primeira fileira do peitoral do sumo sacerdote?,Sárdio (Cornalina),Safira,Esmeralda,Which precious stone represented the tribe of Judah in the first row of the high priest's breastpiece?,Sardius (Carnelian),Sapphire,Emerald,1,FALSE
Mundial_1,6,eventos,¿Qué rey babilonio se volvió loco y vivió como una bestia salvaje durante siete tiempos?,Nabucodonosor,Belsasar,Amel-Marduk,Qual rei babilônico enlouqueceu e viveu como uma fera selvagem durante sete tempos?,Nabucodonosor,Belsazar,Amel-Marduque,Which Babylonian king went mad and lived like a wild beast for seven periods of time?,Nebuchadnezzar,Belshazzar,Amel-Marduk,1,FALSE
Mundial_1,6,eventos,¿Por cuántos años Dios alimentó a los israelitas con maná en el desierto?,Cuarenta años,Cincuenta años,Treinta años,Por quantos anos Deus alimentou os israelitas com maná no deserto?,Quarenta anos,Cinquenta anos,Trinta anos,For how many years did God feed the Israelites with manna in the wilderness?,Forty years,Fifty years,Thirty years,1,FALSE
Mundial_1,6,versiculos,"En Apocalipsis, ¿quién es llamado el ""Alfa y la Omega, el principio y el fin""?",El Señor Dios,El Arcángel Miguel,Los veinticuatro ancianos,"Em Apocalipse, quem é chamado de ""o Alfa e o Ômega, o princípio e o fim""?",O Senhor Deus,O Arcanjo Miguel,Os vinte e quatro anciãos,"In Revelation, who is called the ""Alpha and the Omega, the beginning and the end""?",The Lord God,The Archangel Michael,The twenty-four elders,1,FALSE
Mundial_1,6,ciudades,"¿Dónde murió el sumo sacerdote Aarón, cediendo su cargo a su hijo Eleazar?",Monte Hor,Monte Sinaí,Monte Nebo,"Onde morreu o sumo sacerdote Arão, cedendo seu cargo a seu filho Eleazar?",Monte Hor,Monte Sinai,Monte Nebo,"Where did the high priest Aaron die, transferring his office to his son Eleazar?",Mount Hor,Mount Sinai,Mount Nebo,1,FALSE
Mundial_1,6,personajes,¿Qué rey de Moab contrató a Balaam para maldecir al pueblo de Israel?,Balac,Eglón,Mesha,Qual rei de Moabe contratou Balaão para amaldiçoar o povo de Israel?,Balaque,Eglom,Mesa,Which king of Moab hired Balaam to curse the people of Israel?,Balak,Eglon,Mesha,1,FALSE
Mundial_1,6,elementos,¿Qué arma usaba el gigante Goliat cuya punta de hierro pesaba seiscientos siclos?,Una lanza,Una espada,Un hacha de guerra,Qual arma o gigante Golias usava cuja ponta de ferro pesava seiscentos siclos?,Uma lança,Uma espada,Um machado de guerra,What weapon did the giant Goliath use whose iron point weighed six hundred shekels?,A spear,A sword,A battle axe,1,FALSE
Mundial_1,6,eventos,¿Cuántos días estuvo Jonás en el vientre del gran pez?,Tres días y tres noches,Cuarenta días,Siete días,Quantos dias Jonas esteve no ventre do grande peixe?,Três dias e três noites,Quarenta dias,Sete dias,How many days was Jonah in the belly of the huge fish?,Three days and three nights,Forty days,Seven days,1,FALSE
Mundial_1,6,eventos,¿Cuántas veces caminaron los israelitas alrededor de Jericó el séptimo día?,Siete veces,Una vez,Doce veces,Quantas vezes os israelitas marcharam ao redor de Jericó no sétimo dia?,Sete vezes,Uma vez,Doze vezes,How many times did the Israelites march around Jericho on the seventh day?,Seven times,Once,Twelve times,1,FALSE
Mundial_1,6,versiculos,"¿Qué salmo es conocido como la oración de Moisés, donde dice que mil años son como un día?",Salmo 90,Salmo 23,Salmo 119,"Qual salmo é conhecido como a oração de Moisés, onde diz que mil anos são como um dia?",Salmo 90,Salmo 23,Salmo 119,"Which psalm is known as the prayer of Moses, stating that a thousand years are like a day?",Psalm 90,Psalm 23,Psalm 119,1,FALSE
Mundial_1,6,ciudades,¿En qué ciudad se le apareció un ángel a Gedeón mientras sacudía el trigo en un lagar?,Ofra,Gabaón,Silo,Em qual cidade um anjo apareceu a Gideão enquanto ele malhava o trigo num lagar?,Ofra,Gibeom,Siló,In which town did an angel appear to Gideon while he was threshing wheat in a winepress?,Ophrah,Gibeon,Shiloh,1,FALSE
Mundial_1,6,personajes,¿Quién era la madre del rey Salomón?,Betsabé,Abigail,Mical,Quem era a mãe do rei Salomão?,Bate-Seba,Abigail,Mical,Who was the mother of King Solomon?,Bathsheba,Abigail,Michal,1,FALSE
Mundial_1,6,elementos,"¿Qué se encontraba dentro del Arca de la Alianza además de las tablas de la ley, descritas en Hebreos?",Una vasija con maná y la vara de Aarón,El efod de oro de Gedeón,Las piedras de Urim y Tumim,"O que havia dentro da Arca da Aliança além das tábuas da lei, descritas em Hebreus?",Um vaso com maná e a vara de Arão,O éfode de ouro de Gideão,As pedras de Urim e Tumim,"What was inside the Ark of the Covenant besides the tablets of the law, described in Hebrews?",A jar of manna and Aaron's staff,Gideon's golden ephod,The Urim and Thummim stones,1,FALSE
Mundial_1,6,eventos,"¿Qué enfermedad contrajo María, la hermana de Moisés, por criticarlo por su esposa cusita?",Lepra,Ceguera,Parálisis,"Qual doença Miriã, irmã de Moisés, contraiu por criticá-lo por causa de sua esposa cuxita?",Lepra,Cegueira,Paralisia,"What disease did Miriam, Moses' sister, contract for criticizing him about his Cushite wife?",Leprosy,Blindness,Paralysis,1,FALSE
Mundial_1,6,versiculos,"Según 1 Juan, ¿cuál es el mandamiento antiguo que hemos tenido desde el principio?",Que nos amemos unos a otros,Que guardemos el sábado,Que ofrezcamos sacrificios,"Segundo 1 João, qual é o mandamento antigo que tivemos desde o princípio?",Que nos amemos uns aos outros,Que guardemos o sábado,Que ofereçamos sacrifícios,"According to 1 John, what is the old commandment we have had from the beginning?",That we love one another,That we keep the Sabbath,That we offer sacrifices,1,FALSE
Mundial_1,6,ciudades,"¿A qué isla fue desterrado el apóstol Juan, donde recibió las visiones del Apocalipsis?",Patmos,Creta,Chipre,"Para qual ilha o apóstolo João foi exilado, onde recebeu as visões do Apocalipse?",Patmos,Creta,Chipre,"To which island was the apostle John exiled, where he received the visions of Revelation?",Patmos,Crete,Cyprus,1,FALSE
Mundial_1,6,elementos,¿Qué parte de la vestidura de Jesús tocó la mujer del flujo de sangre para ser sanada?,El borde (o fleco) del manto,Las sandalias,El cinturón,Em qual parte da vestimenta de Jesus a mulher com fluxo de sangue tocou para ser curada?,A orla (ou franja) do manto,As sandálias,O cinto,Which part of Jesus' garment did the bleeding woman touch to be healed?,The edge (or fringe) of his cloak,The sandals,The belt,1,FALSE
Mundial_2,1,personajes,¿Cuál fue el único rey del reino del norte (Israel) ungido por un profeta enviado por Eliseo?,Jehú,Jeroboam II,Menahem,Qual foi o único rei do reino do norte (Israel) ungido por um profeta enviado por Eliseu?,Jeú,Jeroboão II,Menaém,Who was the only king of the northern kingdom (Israel) anointed by a prophet sent by Elisha?,Jehu,Jeroboam II,Menahem,1,FALSE
Mundial_2,1,ciudades,¿En qué lugar acampó el pueblo de Israel inmediatamente antes de cruzar el río Jordán bajo el mando de Josué?,Sitim,Gilgal,Cades-barnea,Em qual lugar o povo de Israel acampou imediatamente antes de atravessar o rio Jordão?,Sitim,Gilgal,Cades-Barneia,Where did the people of Israel camp immediately before crossing the Jordan River under Joshua?,Shittim,Gilgal,Kadesh-barnea,1,FALSE
Mundial_2,1,personajes,¿A quiénes menciona Pablo en 1 Corintios como las únicas personas que él bautizó personalmente en Corinto?,"Crispo, Gayo y la familia de Estéfanas","Apolo, Priscila y Aquila","Timoteo, Silas y Febe",Quem Paulo menciona em 1 Coríntios como as únicas pessoas que ele batizou pessoalmente em Corinto?,"Crispo, Gaio e a família de Estéfanas","Apolo, Priscila e Áquila","Timóteo, Silas e Febe",Who does Paul mention in 1 Corinthians as the only people he personally baptized in Corinth?,"Crispus, Gaius, and the household of Stephanas","Apollos, Priscilla, and Aquila","Timothy, Silas, and Phoebe",1,FALSE
Mundial_2,1,elementos,"Según Levítico 11, ¿qué animal estaba prohibido comer por rumiar pero no tener la pezuña hendida?",El camello,El cerdo,El jabalí,"Segundo Levítico 11, qual animal era proibido comer por ruminar mas não ter a unha dividida?",O camelo,O porco,O javali,"According to Leviticus 11, which animal was forbidden to eat because it chews the cud but does not have a divided hoof?",The camel,The pig,The wild boar,1,FALSE
Mundial_2,1,personajes,¿Qué rey de Judá fue liberado de la prisión en Babilonia por el rey Evil-merodac?,Joaquín (Joconías),Sedequías,Manasés,Qual rei de Judá foi libertado da prisão na Babilônia pelo rei Evil-Merodaque?,Joaquim (Jeconias),Zedequias,Manassés,Which king of Judah was released from prison in Babylon by King Evil-merodach?,Jehoiachin (Jeconiah),Zedekiah,Manasseh,1,FALSE
Mundial_2,1,ciudades,"¿En qué ciudad tuvo lugar la resurrección del hijo de una viuda, registrada únicamente en el Evangelio de Lucas?",Naín,Betania,Corazín,"Em qual cidade ocorreu a ressurreição do filho de uma viúva, relatada apenas no Evangelho de Lucas?",Naim,Betânia,Corazim,"In which town did the resurrection of a widow's son take place, recorded only in the Gospel of Luke?",Nain,Bethany,Chorazin,1,FALSE
Mundial_2,1,versiculos,"¿Cuántos versículos componen el Salmo 119, estructurado en secciones según el alfabeto hebreo?",176,150,200,"Quantos versículos compõem o Salmo 119, estruturado em seções segundo o alfabeto hebraico?",176,150,200,"How many verses make up Psalm 119, structured in sections according to the Hebrew alphabet?",176,150,200,1,FALSE
Mundial_2,1,personajes,¿Cuál de los profetas menores dirigió su profecía de manera exclusiva contra la nación de Edom?,Abdías,Nahúm,Sofonías,Qual dos profetas menores direcionou sua profecia de forma exclusiva contra a nação de Edom?,Obadias,Naum,Sofonias,Which of the minor prophets directed his prophecy exclusively against the nation of Edom?,Obadiah,Nahum,Zephaniah,1,FALSE
Mundial_2,1,personajes,¿Cómo se llamaba la joven sierva que anunció la llegada de Pedro a la puerta tras ser liberado de prisión?,Rode,Tabita,Lidia,Como se chamava a jovem serva que anunciou a chegada de Pedro à porta após ser libertado da prisão?,Rode,Tabita,Lídia,What was the name of the servant girl who announced Peter's arrival at the door after he was freed from prison?,Rhoda,Tabitha,Lydia,1,FALSE
Mundial_2,1,elementos,¿A cuál de las siete iglesias de Apocalipsis se le prometió dar «una piedrecita blanca»?,Pérgamo,Esmirna,Laodicea,A qual das sete igrejas do Apocalipse foi prometido dar «uma pedrinha branca»?,Pérgamo,Esmirna,Laodiceia,"To which of the seven churches in Revelation was promised ""a white stone""?",Pergamum,Smyrna,Laodicea,1,FALSE
Mundial_2,1,personajes,"¿Quién fue el juez israelita que mató a Eglón, el rey de Moab, con una espada de dos filos?",Aod,Sangar,Otoniel,"Quem foi o juiz israelita que matou Eglom, o rei de Moabe, com uma espada de dois gumes?",Eúde,Samgar,Otoniel,"Who was the Israelite judge who killed Eglon, the king of Moab, with a double-edged sword?",Ehud,Shamgar,Othniel,1,FALSE
Mundial_2,1,personajes,¿Cómo se llamaba la esposa de Oseas a quien Dios le ordenó tomar por mujer de fornicación?,Gomer,Lo-ruhama,Sefora,Como se chamava a esposa de Oséias a quem Deus ordenou tomar por mulher de prostituição?,Gômer,Lo-Ruhama,Zípora,What was the name of Hosea's wife whom God commanded him to marry as a wife of promiscuity?,Gomer,Lo-ruhamah,Zipporah,1,FALSE
Mundial_2,1,elementos,¿Qué instrumento musical tocaba David para calmar el espíritu atormentado del rey Saúl?,El arpa,La flauta,El salterio,Qual instrumento musical Davi tocava para acalmar o espírito atormentado do rei Saul?,A harpa,A flauta,O saltério,What musical instrument did David play to soothe King Saul's tormented spirit?,The harp,The flute,The psaltery,1,FALSE
Mundial_2,1,ciudades,¿En qué valle detuvo Josué el sol y la luna durante la batalla contra los reyes amorreos?,Valle de Ajalón,Valle de Elah,Valle de Jezreel,Em qual vale Josué fez parar o sol e a lua durante a batalha contra os reis amorreus?,Vale de Aijalom,Vale de Elá,Vale de Jezreel,In which valley did Joshua command the sun and moon to stand still during battle?,Valley of Aijalon,Valley of Elah,Valley of Jezreel,1,FALSE
Mundial_2,1,personajes,¿Qué profeta reprendió al rey David tras su pecado con Betsabé mediante una parábola?,Natán,Gad,Ahías,Qual profeta repreendeu o rei Davi após seu pecado com Bate-Seba por meio de uma parábola?,Natã,Gade,Aías,Which prophet rebuked King David after his sin with Bathsheba through a parable?,Nathan,Gad,Ahijah,1,FALSE
Mundial_2,1,personajes,"¿Cómo se llamaba el padre de Juan el Bautista, perteniciente al grupo sacerdotal de Abías?",Zacarías,Simeón,Ananías,"Como se chamava o pai de João Batista, pertencente à ordem sacerdotal de Abias?",Zacarias,Simeão,Ananias,"What was the name of John the Baptist's father, who belonged to the priestly division of Abijah?",Zechariah,Simeon,Ananias,1,FALSE
Mundial_2,1,personajes,¿Qué diácono fue el primer mártir cristiano pedreado hasta la muerte tras su discurso ante el Sanedrín?,Esteban,Felipe,Prócoro,Qual diácono foi o primeiro mártir cristão apedrejado até a morte após seu discurso perante o Sinédrio?,Estêvão,Filipe,Prócoro,Which deacon was the first Christian martyr stoned to death following his speech to the Sanhedrin?,Stephen,Philip,Prochorus,1,FALSE
Mundial_2,1,personajes,"¿Cuántos años vivió Matusalén, la persona más longeva registrada en las Escrituras?",969 años,950 años,930 años,"Quantos anos viveu Matusalém, a pessoa mais longeva registrada nas Escrituras?",969 anos,950 anos,930 anos,"How many years did Methuselah live, making him the oldest person recorded in Scripture?",969 years,950 years,930 years,1,FALSE
Mundial_2,1,personajes,¿Qué mujer escondió a los dos espías enviados por Josué a Jericó debajo de manojos de lino?,Rahab,Rut,Tamar,Qual mulher escondeu os dois espiões enviados por Josué a Jericó debaixo de hastes de linho?,Raabe,Rute,Tamar,Which woman hid the two spies sent by Joshua to Jericho under stalks of flax?,Rahab,Ruth,Tamar,1,FALSE
Mundial_2,1,ciudades,¿Qué monte es tradicionalmente asociado con la Transfiguración de Jesús junto a Moisés y Elías?,Monte Tabor,Monte de los Olivos,Monte Carmelo,Qual monte é tradicionalmente associado à Transfiguração de Jesus junto a Moisés e Elias?,Monte Tabor,Monte das Oliveiras,Monte Carmelo,Which mountain is traditionally associated with the Transfiguration of Jesus alongside Moses and Elijah?,Mount Tabor,Mount of Olives,Mount Carmel,1,FALSE
Mundial_2,2,personajes,¿Qué profeta fue llevado cautivo a Babilonia junto con el rey Joaquín en la primera deportación masiva?,Ezequiel,Daniel,Jeremías,Qual profeta foi levado cativo para a Babilônia junto com o rei Joaquim na primeira deportação em massa?,Ezequiel,Daniel,Jeremias,Which prophet was taken captive to Babylon along with King Jehoiachin during the first mass deportation?,Ezekiel,Daniel,Jeremiah,1,FALSE
Mundial_2,2,personajes,¿Cómo se llamaba el eunuco principal del rey Asuero encargado del cuidado de las mujeres en Susa?,Hegai,Hatac,Bigtán,Como se chamava o eunuco principal do rei Assuero encarregado do cuidado das mulheres em Susã?,Hegai,Hataque,Bigtã,What was the name of King Ahasuerus's chief eunuch in charge of the women in Susa?,Hegai,Hathach,Bigthan,1,FALSE
Mundial_2,2,personajes,¿Qué rey de Judá fue herido por una flecha en Megido durante su batalla contra el faraón Necao II?,Josías,Joacim,Ocozías,Qual rei de Judá foi ferido por uma flecha em Megido durante a batalha contra o faraó Neco II?,Josias,Jeoaquim,Acazias,Which king of Judah was fatally wounded by an arrow at Megiddo in battle against Pharaoh Necho II?,Josiah,Jehoiakim,Ahaziah,1,FALSE
Mundial_2,2,ciudades,"Según Números 20, ¿en qué monte murió el sumo sacerdote Aarón tras transferir sus vestiduras a Eleazar?",Monte Hor,Monte Nebo,Monte Sinaí,"Segundo Números 20, em qual monte morreu o sumo sacerdote Arão após transferir suas vestes a Eleazar?",Monte Hor,Monte Nebo,Monte Sinai,"According to Numbers 20, on which mountain did the high priest Aaron die after passing his garments to Eleazar?",Mount Hor,Mount Nebo,Mount Sinai,1,FALSE
Mundial_2,2,personajes,¿Qué juez libró a Israel de los amonitas tras hacer un voto sobre lo primero que saliera de su casa?,Jefté,Gedeón,Sansón,Qual juiz libertou Israel dos amonitas após fazer um voto sobre o primeiro que saísse de sua casa?,Jefté,Gideão,Sansão,Which judge delivered Israel from the Ammonites after making a vow concerning whatever first came out of his house?,Jephthah,Gideon,Samson,1,FALSE
Mundial_2,2,ciudades,¿A qué ciudad costera huyó el profeta Jonás intentando embarcarse hacia Tarsis?,Jope,Tiro,Sidón,Para qual cidade litorânea o profeta Jonas fugiu tentando embarcar para Társis?,Jope,Tiro,Sidom,To which coastal city did the prophet Jonah flee to board a ship bound for Tarshish?,Joppa,Tyre,Sidon,1,FALSE
Mundial_2,2,versiculos,"En Apocalipsis 2, ¿a qué iglesia se le promete dar del «árbol de la vida» que está en medio del paraíso de Dios?",Éfeso,Esmirna,Filadelfia,"Em Apocalipse 2, a qual igreja é prometido dar da «árvore da vida» que está no meio do paraíso de Deus?",Éfeso,Esmirna,Filadélfia,"In Revelation 2, to which church is it promised to eat from the ""tree of life"" in the paradise of God?",Ephesus,Smyrna,Philadelphia,1,FALSE
Mundial_2,2,personajes,¿Qué rey asirio sitió la ciudad de Samaria durante tres años hasta la caída del Reino del Norte?,Salmanasar V,Senaquerib,Esar-hadón,Qual rei assírio cercou a cidade de Samaria durante três anos até a queda do Reino do Norte?,Salmaneser V,Senaqueribe,Esar-Hadom,Which Assyrian king besieged Samaria for three years until the fall of the Northern Kingdom?,Shalmaneser V,Sennacherib,Esarhaddon,1,FALSE
Mundial_2,2,personajes,"¿Qué secta judía del Nuevo Testamento no creía en la resurrección, ni en ángeles, ni en espíritus?",Saduceos,Fariseos,Esenios,"Qual seita judaica do Novo Testamento não acreditava na ressurreição, nem em anjos, nem em espíritos?",Saduceus,Fariseus,Essênios,"Which Jewish sect in the New Testament did not believe in resurrection, angels, or spirits?",Sadducees,Pharisees,Essenes,1,FALSE
Mundial_2,2,personajes,"¿Cómo se llamaba la suegra de Rut, quien le pidió a la gente de Belén que la llamaran ""Mara""?",Noemí,Orfa,Sara,"Como se chamava a sogra de Rute, que pediu às pessoas de Belém que a chamassem de ""Mara""?",Noemi,Orfa,Sara,"What was the name of Ruth's mother-in-law, who asked the people of Bethlehem to call her ""Mara""?",Naomi,Orpah,Sarah,1,FALSE
Mundial_2,2,ciudades,¿En qué ciudad de Macedonia fue encarcelado Pablo junto con Silas tras liberar a una muchacha de un espíritu de adivinación?,Filipos,Tesalónica,Berea,Em qual cidade da Macedônia Paulo foi preso junto com Silas após libertar uma jovem de um espírito de adivinhação?,Filipos,Tessalônica,Bereia,In which Macedonian city was Paul imprisoned alongside Silas after freeing a slave girl from a spirit of divination?,Philippi,Thessalonica,Berea,1,FALSE
Mundial_2,2,personajes,¿Qué sumo sacerdote ungió al rey Salomón en Gihón para ratificar su mandato frente a Adonías?,Sadoc,Abiatar,Joiada,Qual sumo sacerdote ungiu o rei Salomão em Giom para ratificar seu mandato diante de Adonias?,Zadoque,Abiatar,Joiada,Which high priest anointed King Solomon at Gihon to establish his kingship against Adonijah?,Zadok,Abiathar,Jehoiada,1,FALSE
Mundial_2,2,ciudades,"¿Qué tribu de Israel no recibió un territorio territorial continuo, sino ciudades dispersas dentro de las otras tribus?",Leví,Benjamín,Dan,"Qual tribo de Israel não recebeu um território contínuo, mas sim cidades dispersas dentro das outras tribos?",Levi,Benjamim,Dã,"Which tribe of Israel did not receive a contiguous land territory, but rather scattered cities within other tribes?",Levi,Benjamin,Dan,1,FALSE
Mundial_2,2,versiculos,"Según Hechos 18, ¿quién era el proconsul romano de Acaya ante quien los judíos acusaron a Pablo en Corinto?",Galión,Félix,Festo,"Segundo Atos 18, quem era o procônsul romano da Acaia perante quem os judeus acusaram Paulo em Corinto?",Galião,Félix,Festo,"According to Acts 18, who was the Roman proconsul of Achaia before whom Paul was accused in Corinth?",Gallio,Felix,Festus,1,FALSE
Mundial_2,2,personajes,¿Qué rey de Judá fue castigado con lepra en la frente por intentar quemar incienso en el templo?,Uzías (Azarías),Acaz,Jotam,Qual rei de Judá foi punido com lepra na testa por tentar queimar incenso no templo?,Uzias,Acaz,Jotão,Which king of Judah was struck with leprosy on his forehead for attempting to burn incense in the temple?,Uzziah,Ahaz,Jotham,1,FALSE
Mundial_2,2,personajes,¿Cómo se llamaba el falso profeta que rompió el yugo de madera del cuello de Jeremías?,Hananías,Sedequías,Semaías,Como se chamava o falso profeta que quebrou o jugo de madeira do pescoço de Jeremias?,Hananias,Zedequias,Semaías,What was the name of the false prophet who broke the wooden yoke from Jeremiah's neck?,Hananiah,Zedekiah,Shemaiah,1,FALSE
Mundial_2,2,ciudades,¿Qué pequeña ciudad cercana a Sodoma fue perdonada por Dios a petición de Lot para que pudiera huir allí?,Zoar,Adma,Zeboim,Qual pequena cidade próxima a Sodoma foi poupada por Deus a pedido de Ló para que ele pudesse fugir para lá?,Zoar,Admá,Zeboim,Which small city near Sodom was spared by God at Lot's request so he could flee there?,Zoar,Admah,Zeboiim,1,FALSE
Mundial_2,2,elementos,"En Apocalipsis, ¿cuántos sellos contiene el libro enrollado que solo el Cordero es digno de abrir?",Siete,Doce,Cuatro,"Em Apocalipse, quantos selos contém o livro selado que só o Cordeiro é digno de abrir?",Sete,Doze,Quatro,"In Revelation, how many seals are on the scroll that only the Lamb is worthy to open?",Seven,Twelve,Four,1,FALSE
Mundial_2,2,personajes,¿Quién era el general del ejército de David que atravesó a Absalón con tres dardos mientras colgaba de una encina?,Joab,Abner,Amasa,Quem era o general do exército de Davi que atravessou Absalão com três dardos enquanto ele estava pendurado em um carvalho?,Joabe,Abner,Amasa,Who was the commander of David's army who struck Absalom with three spears while he hung from an oak tree?,Joab,Abner,Amasa,1,FALSE
Mundial_2,2,personajes,¿Qué reina usurpó el trono de Judá y mandó a matar a todos los príncipes reales tras la muerte de su hijo Ocozías?,Atalía,Jezabel,Herodías,Qual rainha usurpou o trono de Judá e mandou matar todos os príncipes reais após a morte de seu filho Acazias?,Atalia,Jezabel,Herodias,Which queen usurped the throne of Judah and ordered the execution of all royal heirs after the death of her son Ahaziah?,Athaliah,Jezebel,Herodias,1,FALSE
Mundial_2,3,ciudades,¿En qué ciudad de Macedonia sufrieron azotes y cárcel Pablo y Silas tras expulsar un espíritu de adivinación?,Filipos,Tesalónica,Berea,Em qual cidade da Macedônia Paulo e Silas foram açoitados e presos após expulsarem um espírito de adivinhação?,Filipos,Tessalônica,Bereia,In which Macedonian city were Paul and Silas beaten and imprisoned after casting out a spirit of divination?,Philippi,Thessalonica,Berea,1,FALSE
Mundial_2,3,personajes,¿Qué sumo sacerdote ungió a Salomón junto a la fuente de Gihón para asegurar su trono frente a Adonías?,Sadoc,Abiatar,Joiada,Qual sumo sacerdote ungiu Salomão junto à fonte de Giom para assegurar seu trono diante de Adonias?,Zadoque,Abiatar,Joiada,Which high priest anointed Solomon at the Gihon spring to secure his throne against Adonijah?,Zadok,Abiathar,Jehoiada,1,FALSE
Mundial_2,3,elementos,"¿Qué objeto sagrado llevó el ejército de Israel a la batalla contra los filisteos en Eben-ezer, siendo capturado por el enemigo?",El Arca de la Alianza,El Efod de oro,El altar de incienso,"Qual objeto sagrado o exército de Israel levou para a batalha contra os filisteus em Ebenézer, sendo capturado pelo inimigo?",A Arca da Aliança,O Éfode de ouro,O altar de incenso,"Which sacred object did the army of Israel bring into battle against the Philistines at Ebenezer, only for it to be captured?",The Ark of the Covenant,The golden Ephod,The altar of incense,1,FALSE
Mundial_2,3,eventos,¿En qué monte descendió fuego del cielo para consumir el holocausto del profeta Elías frente a los profetas de Baal?,Monte Carmelo,Monte Horeb,Monte Hermón,Em qual monte desceu fogo do céu para consumir o holocausto do profeta Elias diante dos profetas de Baal?,Monte Carmelo,Monte Horebe,Monte Hermom,On which mountain did fire fall from heaven to consume Elijah's burnt offering in front of the prophets of Baal?,Mount Carmel,Mount Horeb,Mount Hermon,1,FALSE
Mundial_2,3,versiculos,¿En qué libro de la Biblia se encuentra la profecía del 'Siervo Sufriente' que dice 'mas él herido fue por nuestras rebeliones'?,Isaías,Jeremías,Ezequiel,Em qual livro da Bíblia se encontra a profecia do 'Servo Sofredor' que diz 'mas ele foi ferido por causa das nossas transgressões'?,Isaías,Jeremias,Ezequiel,In which Bible book is the prophecy of the 'Suffering Servant' found stating 'he was pierced for our transgressions'?,Isaiah,Jeremiah,Ezekiel,1,FALSE
Mundial_2,3,ciudades,"¿En qué ciudad nació el apóstol Pablo, famosa por ser un centro cultural de Cilicia?",Tarso,Antioquía,Listra,"Em qual cidade nasceu o apóstolo Paulo, famosa por ser um centro cultural da Cilícia?",Tarso,Antioquia,Listra,"In which city was the apostle Paul born, renowned as a cultural hub of Cilicia?",Tarsus,Antioch,Lystra,1,FALSE
Mundial_2,3,personajes,¿Qué reina de Judá usurpó el trono y mandó a matar a toda la descendencia real tras la muerte de Ocozías?,Atalía,Jezabel,Vasti,Qual rainha de Judá usurpou o trono e mandou matar toda a descendência real após a morte de Acazias?,Atalia,Jezabel,Vasti,Which queen of Judah usurped the throne and executed the royal family after Ahaziah's death?,Athaliah,Jezebel,Vashti,1,FALSE
Mundial_2,3,elementos,¿De qué material eran las dos columnas principales construidas por Hiram para el pórtico del templo de Salomón?,Bronce,Oro,Plata,De que material eram as duas colunas principais construídas por Hirão para o pórtico do templo de Salomão?,Bronze,Ouro,Prata,Of what material were the two main pillars built by Hiram for the porch of Solomon's temple made?,Bronze,Gold,Silver,1,FALSE
Mundial_2,3,eventos,¿Qué rey de Judá fue castigado con lepra por intentar quemar incienso en el altar del Templo?,Uzías (Azarías),Acaz,Jotam,Qual rei de Judá foi punido com lepra por tentar queimar incenso no altar do Templo?,Uzias (Azarias),Acaz,Jotão,Which king of Judah was struck with leprosy for attempting to burn incense on the Temple altar?,Uzziah (Azariah),Ahaz,Jotham,1,FALSE
Mundial_2,3,versiculos,"¿En qué epístola se afirma que 'la fe es la certeza de lo que se espera, la convicción de lo que no se ve'?",Hebreos,Santiago,Romanos,"Em qual epístola se afirma que 'a fé é a certeza das coisas que se esperam, a convicção das coisas que não se vêem'?",Hebreus,Tiago,Romanos,"In which epistle is it stated that 'faith is the substance of things hoped for, the evidence of things not seen'?",Hebrews,James,Romans,1,FALSE
Mundial_2,3,ciudades,¿Qué pequeña ciudad cercana a Sodoma fue librada de la destrucción a petición de Lot para huir allí?,Zoar,Adma,Zeboim,Qual pequena cidade próxima a Sodoma foi poupada da destruição a pedido de Ló para que ele fugisse para lá?,Zoar,Admá,Zeboim,Which small town near Sodom was spared from destruction at Lot's request so he could flee there?,Zoar,Admah,Zeboiim,1,FALSE
Mundial_2,3,personajes,¿Quién era el general del ejército de Saúl que posteriormente proclamó rey a Is-boset?,Abner,Joab,Benaía,Quem era o general do exército de Saul que posteriormente proclamou Ish-Bosete como rei?,Abner,Joabe,Menaia,Who was the commander of Saul's army who later proclaimed Ish-bosheth king?,Abner,Joab,Benaiah,1,FALSE
Mundial_2,3,elementos,¿Qué alimento especial descendió del cielo durante cuarenta años para alimentar a los israelitas en el desierto?,Maná,Pan sin levadura,Torta de higos,Qual alimento especial desceu do céu durante quarenta anos para alimentar os israelitas no deserto?,Maná,Pão asmo,Bolo de figos,What special food rained down from heaven for forty years to feed the Israelites in the wilderness?,Manna,Unleavened bread,Fig cake,1,FALSE
Mundial_2,3,eventos,¿Qué milagro realizó Jesús en Naín al compadecerse de una mujer desconsolada?,Resucitó al hijo único de una viuda,Sanó a un hombre paralítico,Multiplicó los panes,Qual milagre Jesus realizou em Naim ao se compadecer de uma mulher desconsolada?,Ressuscitou o filho único de uma viúva,Curou um homem paralítico,Multiplicou os pães,What miracle did Jesus perform in Nain out of compassion for a grieving woman?,Raised a widow's only son to life,Healed a paralyzed man,Multiplied the loaves,1,FALSE
Mundial_2,3,versiculos,"¿Qué libro de la Biblia concluye con las palabras 'Ciertamente vengo en breve. Amén; sí, ven, Señor Jesús'?",Apocalipsis,Judas,2 Pedro,"Qual livro da Bíblia conclui com as palavras 'Certamente cedo venho. Amém. Sim, vem, Senhor Jesus'?",Apocalipse,Judas,2 Pedro,"Which book of the Bible concludes with 'Yes, I am coming soon. Amen. Come, Lord Jesus'?",Revelation,Jude,2 Peter,1,FALSE
Mundial_2,3,ciudades,¿En qué ciudad tuvo lugar el arresto de Pablo tras desatarse un alboroto provocado por el platero Demetrio?,Éfeso,Atenas,Corinto,Em qual cidade ocorreu o alvoroço contra Paulo provocado pelo ourives Demétrio?,Éfeso,Atenas,Corinto,In which city did a riot break out against Paul instigated by the silversmith Demetrius?,Ephesus,Athens,Corinth,1,FALSE
Mundial_2,3,personajes,¿Qué profeta fue arrojado a un cisterna llena de cieno por anunciar la caída de Jerusalén?,Jeremías,Ezequiel,Amós,Qual profeta foi lançado em uma cisterna cheia de lama por anunciar a queda de Jerusalém?,Jeremias,Ezequiel,Amós,Which prophet was thrown into a muddy cistern for announcing the fall of Jerusalem?,Jeremiah,Ezekiel,Amos,1,FALSE
Mundial_2,3,elementos,"¿Qué vestidura especial confeccionó Jacob para su hijo preferido José, despertando la envidia de sus hermanos?",Una túnica de diversos colores,Un manto de lino fino,Un cinto de púrpura,"Qual vestimenta especial Jacó fez para seu filho preferido José, despertando a inveja de seus irmãos?",Uma túnica de várias cores,Um manto de linho fino,Um cinto de púrpura,"What special garment did Jacob make for his favored son Joseph, sparking his brothers' jealousy?",A coat of many colors,A fine linen robe,A purple sash,1,FALSE
Mundial_2,3,eventos,¿En qué fiesta judía se encontraban reunidos los discípulos cuando el Espíritu Santo descendió en forma de lenguas de fuego?,Pentecostés,Pascua,Tabernáculos,Em qual festa judaica os discípulos estavam reunidos quando o Espírito Santo desceu em forma de línguas de fogo?,Pentecostes,Páscoa,Tabernáculos,On which Jewish festival were the disciples gathered when the Holy Spirit descended as tongues of fire?,Pentecost,Passover,Tabernacles,1,FALSE
Mundial_2,3,versiculos,¿Qué rey compuso el Salmo 51 pidiendo perdón tras su pecado con Betsabé y el asesinato de Urías?,David,Salomón,Ezequías,Qual rei compôs o Salmo 51 pedindo perdão após seu pecado com Bate-Seba e o assassinato de Urias?,Davi,Salomão,Ezequias,Which king composed Psalm 51 asking for forgiveness after his sin with Bathsheba and Uriah's death?,David,Solomon,Hezekiah,1,FALSE
Mundial_2,4,ciudades,¿En qué ciudad siria fue llamado por primera vez 'cristianos' a los discípulos de Jesús?,Antioquía,Damasco,Tiro,Em qual cidade síria os discípulos de Jesus foram chamados de 'cristãos' pela primeira vez?,Antioquia,Damasco,Tiro,In which Syrian city were the disciples of Jesus first called 'Christians'?,Antioch,Damascus,Tyre,1,FALSE
Mundial_2,4,personajes,¿Quién era el escriba que leyó la Ley de Moisés ante el pueblo de Jerusalén tras el regreso del cautiverio?,Esdras,Nehemías,Zorobabel,Quem era o escriba que leu a Lei de Moisés diante do povo de Jerusalém após o retorno do cativeiro?,Esdras,Neemias,Zorobabel,Who was the scribe who read the Law of Moses before the people of Jerusalem after returning from exile?,Ezra,Nehemiah,Zerubbabel,1,FALSE
Mundial_2,4,elementos,¿Qué objeto mandó Moisés elaborar y elevar sobre un asta para sanar a los israelitas mordidos por serpientes?,Una serpiente de bronce,Un becerro de oro,Una vara de almendro,Qual objeto Moisés mandou fazer e levantar sobre uma haste para curar os israelitas picados por serpentes?,Uma serpente de bronze,Um bezerro de ouro,Uma vara de amendoeira,What object did Moses make and set on a pole to heal the Israelites bitten by poisonous snakes?,A bronze serpent,A golden calf,An almond rod,1,FALSE
Mundial_2,4,eventos,"¿En qué lugar fue transfigurado Jesús ante Pedro, Santiago y Juan, apareciendo junto a Moisés y Elías?",Un monte alto (Monte Tabor / Hermón),El Monte de los Olivos,El Monte Sinaí,"Em qual lugar Jesus foi transfigurado diante de Pedro, Tiago e João, aparecendo ao lado de Moisés e Elias?",Um alto monte (Monte Tabor / Hermom),O Monte das Oliveiras,O Monte Sinai,"In what place was Jesus transfigured before Peter, James, and John, appearing alongside Moses and Elijah?",A high mountain (Mount Tabor / Hermon),The Mount of Olives,Mount Sinai,1,FALSE
Mundial_2,4,versiculos,"¿En qué epístola se halla el pasaje 'El amor es sofrido, es benigno; el amor no tiene envidia...'?",1 Corintios,Efesios,Gálatas,"Em qual epístola se encontra a passagem 'O amor é paciente, é bondoso; o amor não é invejoso...'?",1 Coríntios,Efésios,Gálatas,"In which epistle is the passage found 'Love is patient, love is kind. It does not envy...'?",1 Corinthians,Ephesians,Galatians,1,FALSE
Mundial_2,4,ciudades,"¿En qué ciudad vivió la profetisa Débora, juzgando a Israel entre Ramá y Betel?",En la región montañosa de Efraín,En Hebrón,En Silo,"Em qual região viveu a profetisa Débora, julgando a Israel entre Ramá e Betel?",Na região montanhosa de Efraim,Em Hebrom,Em Siló,"In which area did the prophetess Deborah live, judging Israel between Ramah and Bethel?",In the hill country of Ephraim,In Hebron,In Shiloh,1,FALSE
Mundial_2,4,personajes,¿Cómo se llamaba el joven que se quedó dormido durante el largo discurso de Pablo y cayó desde un tercer piso?,Eutico,Tíquico,Tercio,Como se chamava o jovem que adormeceu durante o longo discurso de Paulo e caiu do terceiro andar?,Éutico,Tíquico,Tércio,What was the name of the young man who fell asleep during Paul's long sermon and fell from a third-story window?,Eutychus,Tychicus,Tertius,1,FALSE
Mundial_2,4,elementos,¿Qué usó Gedeón para confirmar la voluntad de Dios antes de ir a la batalla contra los madianitas?,Un vellón de lana,Un puñado de trigo,Un cántaro de barro,O que Gideão usou para confirmar a vontade de Deus antes de ir à batalha contra os midianitas?,Um mecha de lã,Um punhado de trigo,Um jarro de barro,What did Gideon use to confirm God's will before going to battle against the Midianites?,A fleece of wool,A handful of wheat,A clay pitcher,1,FALSE
Mundial_2,4,eventos,¿Qué plaga final sobre Egipto provocó que el Faraón finalmente dejara ir al pueblo de Israel?,La muerte de los primogénitos,La plaga de langostas,Las tinieblas densas,Qual praga final sobre o Egito fez com que o Faraó finalmente deixasse o povo de Israel ir?,A morte dos primogênitos,A praga de gafanhotos,As trevas densas,Which final plague upon Egypt made Pharaoh finally let the people of Israel go?,The death of the firstborn,The plague of locusts,The thick darkness,1,FALSE
Mundial_2,4,versiculos,"¿En qué libro del Antiguo Testamento se encuentra el versículo 'Tiempo de nacer, y tiempo de morir; tiempo de plantar, y tiempo de arrancar lo plantado'?",Eclesiastés,Proverbios,Cantares,Em qual livro do Antigo Testamento se encontra o versículo 'Tempo de nascer e tempo de morrer; tempo de plantar e tempo de arrancar o que se plantou'?,Eclesiastes,Provérbios,Cânticos,"In which Old Testament book is the verse 'A time to be born and a time to die, a time to plant and a time to uproot'?",Ecclesiastes,Proverbs,Song of Solomon,1,FALSE
Mundial_2,4,ciudades,"¿En qué ciudad vivía Cornelio, el centurión romano piadoso a quien Pedro fue enviado a predicar?",Cesarea,Jope,Tiberias,"Em qual cidade vivia Cornélio, o centurião romano piedoso a quem Pedro foi enviado a pregar?",Cesareia,Jope,Tiberíades,"In which city did Cornelius, the devout Roman centurion to whom Peter was sent, live?",Caesarea,Joppa,Tiberias,1,FALSE
Mundial_2,4,personajes,¿Quién era el rey de Siria a quien el general Naamán servía antes de ser curado de su lepra por Eliseo?,Ben-hadad,Hazael,Rezin,Quem era o rei da Síria a quem o general Naamã servia antes de ser curado da lepra por Eliseu?,Ben-Hadade,Hazael,Rezim,Who was the king of Aram (Syria) whom commander Naaman served before being healed of leprosy by Elisha?,Ben-hadad,Hazael,Rezin,1,FALSE
Mundial_2,4,elementos,¿Qué objeto usó la mujer samaritana en el pozo de Jacob cuando conversó con Jesús sobre el agua viva?,Un cántaro,Un odre de cuero,Una vasija de plata,Qual objeto a mulher samaritana usava no poço de Jacó quando conversou com Jesus sobre a água viva?,Um cántaro (canto),Um odre de couro,Um vaso de prata,What object did the Samaritan woman have at Jacob's well when talking with Jesus about living water?,A water jar,A leather wineskin,A silver vessel,1,FALSE
Mundial_2,4,eventos,¿Qué evento sobrenatural provocó la apertura de las puertas de la cárcel donde estaban Pablo y Silas en Filipos?,Un gran terremoto,Un rayo del cielo,Un viento recio,Qual evento sobrenatural provocou a abertura das portas da prisão onde estavam Paulo e Silas em Filipos?,Um grande terremoto,Um raio do céu,Um vento forte,What supernatural event caused the doors of the Philippian prison to fly open while Paul and Silas prayed?,A violent earthquake,A bolt of lightning,A rushing wind,1,FALSE
Mundial_2,4,versiculos,¿En qué epístola se enseña que 'la fe sin obras está muerta'?,Santiago,Gálatas,1 Pedro,Em qual epístola se ensina que 'a fé sem obras é morta'?,Tiago,Gálatas,1 Pedro,In which epistle is it taught that 'faith without works is dead'?,James,Galatians,1 Peter,1,FALSE
Mundial_2,4,ciudades,¿En qué ciudad resucitó Jesús a Lázaro tras llevar cuatro días de muerto en el sepulcro?,Betania,Belén,Jerusalén,Em qual cidade Jesus ressuscitou Lázaro após quatro dias no sepulcro?,Betânia,Belém,Jerusalém,In which village did Jesus raise Lazarus from the dead after he had been in the tomb four days?,Bethany,Bethlehem,Jerusalem,1,FALSE
Mundial_2,4,personajes,¿Quién era la profetisa de edad avanzada que daba gracias a Dios en el Templo al ver al niño Jesús?,Ana,Elisabeth,Sefora,Quem era a profetisa idosa que dava graças a Deus no Templo ao ver o menino Jesus?,Ana,Izabel,Zípora,Who was the elderly prophetess who gave thanks to God in the Temple upon seeing the child Jesus?,Anna,Elizabeth,Zipporah,1,FALSE
Mundial_2,4,elementos,¿Qué piedra preciosa ocupaba el primer lugar en la primera hilera del pectoral del sumo sacerdote?,Sardio (Cornalina),Zafiro,Topacio,Qual pedra preciosa ocupava o primeiro lugar na primeira fileira do peitoral do sumo sacerdote?,Sárdio (Cornalina),Safira,Topázio,Which gemstone occupied the first position in the first row of the high priest's breastpiece?,Sardius (Carnelian),Sapphire,Topaz,1,FALSE
Mundial_2,4,eventos,¿Qué ocurrió inmediatamente con el velo del Templo en el momento en que Jesús expiró en la cruz?,"Se rasgó en dos, de arriba abajo",Se quemó por completo,Se volvió blanco brillante,O que aconteceu imediatamente com o véu do Templo no momento em que Jesus expirou na cruz?,"Rasgou-se em dois, de alto a baixo",Queimou completamente,Tornou-se totalmente branco,What happened immediately to the Temple curtain at the moment Jesus died on the cross?,It was torn in two from top to bottom,It caught fire completely,It turned bright white,1,FALSE
Mundial_2,4,versiculos,"¿En qué evangelio se encuentra la cita 'Yo soy el camino, y la verdad, y la vida; nadie viene al Padre, sino por mí'?",Juan,Mateo,Lucas,"Em qual evangelho se encontra a citação 'Eu sou o caminho, e a verdade e a vida; ninguém vem ao Pai, senão por mim'?",João,Mateus,Lucas,In which gospel is the verse found 'I am the way and the truth and the life. No one comes to the Father except through me'?,John,Matthew,Luke,1,FALSE
Mundial_2,5,ciudades,¿En qué ciudadela del imperio persa ejercía Nehemías como copero del rey Artajerjes cuando recibió noticias de las ruinas de Jerusalén?,Susa,Babilonia,Persépolis,Em qual cidadela do império persa Neemias exercia a função de copeiro do rei Artaxerxes quando recebeu notícias das ruínas de Jerusalém?,Susã,Babilônia,Persépolis,In which citadel of the Persian Empire was Nehemiah serving as cupbearer to King Artaxerxes when he heard about Jerusalem's ruined walls?,Susa,Babylon,Persepolis,1,FALSE
Mundial_2,5,personajes,¿Qué profeta de Silo rompió su capa nueva en doce pedazos para simbolizar la división del reino de Salomón y la entrega de diez tribus a Jeroboam?,Ahías,Semaías,Iddo,Qual profeta de Siló rasgou sua capa nova em doze pedaços para simbolizar a divisão do reino de Salomão e a entrega de dez tribos a Jeroboão?,Aias,Semaías,Ido,Which prophet from Shiloh tore his new cloak into twelve pieces to symbolize the division of Solomon's kingdom and the giving of ten tribes to Jeroboam?,Ahijah,Shemaiah,Iddo,1,FALSE
Mundial_2,5,elementos,¿Qué instrumento agrícola utilizó Sangar para matar a seiscientos hombres de los filisteos y librar a Israel?,Una aguijada de bueyes,Una quijada de asno,Una hoz de hierro,Qual instrumento agrícola Sangar usou para matar seiscentos homens dos filisteus e libertar Israel?,Uma aguilhada de bois,Uma queixada de jumento,Uma foice de ferro,What agricultural tool did Shamgar use to strike down six hundred Philistines and deliver Israel?,An oxgoad,A donkey's jawbone,An iron sickle,1,FALSE
Mundial_2,5,eventos,¿Cerca de qué ciudad se detuvieron y amontonaron las aguas del Jordán cuando los sacerdotes que llevaban el Arca pisaron el río?,Adán,Sitim,Gilgal,Perto de qual cidade as águas do Jordão pararam e se amontoaram quando os sacerdotes que levavam a Arca pisaram no rio?,Adão,Sitim,Gilgal,Near which city did the waters of the Jordan stop and heap up when the priests carrying the Ark stepped into the river?,Adam,Shittim,Gilgal,1,FALSE
Mundial_2,5,versiculos,¿En qué epístola utiliza Pablo la alegoría de Agar y Sara para representar la diferencia entre la ley y la promesa?,Gálatas,Romanos,Efesios,Em qual epístola Paulo usa a alegoria de Hagar e Sara para representar a diferença entre a lei e a promessa?,Gálatas,Romanos,Efésios,In which epistle does Paul use the allegory of Hagar and Sarah to contrast the law and the promise?,Galatians,Romans,Ephesians,1,FALSE
Mundial_2,5,ciudades,¿En qué ciudad de Galacia fue apedreado Pablo por una multitud instigada y dado por muerto?,Listra,Iconio,Derbe,Em qual cidade da Galácia Paulo foi apedrejado por uma multidão instigada e deixado como morto?,Listra,Icônio,Derbe,In which Galatian city was Paul stoned by an instigated crowd and left for dead?,Lystra,Iconium,Derbe,1,FALSE
Mundial_2,5,personajes,¿Qué rey de Judá destruyó la serpiente de bronce que Moisés había hecho porque los israelitas le quemaban incienso?,Ezequías,Josías,Asa,Qual rei de Judá destruiu a serpente de bronze que Moisés havia feito porque os israelitas lhe queimavam incenso?,Ezequias,Josias,Asa,Which king of Judah broke in pieces the bronze serpent that Moses had made because the Israelites were burning incense to it?,Hezekiah,Josiah,Asa,1,FALSE
Mundial_2,5,elementos,¿Qué objetos valiosos tomó Acán de las ruinas de Jericó y escondió en la tierra debajo de su tienda?,"Un manto babilónico, plata y un lingote de oro",Un trono de marfil y copas de oro,Una túnica de lino y escudos de bronce,Quais objetos valiosos Acã tomou das ruínas de Jericó e escondeu na terra debaixo de sua tenda?,"Uma capa babilônica, prata e uma barra de ouro",Um trono de marfim e taças de ouro,Uma túnica de linho e escudos de bronze,What valuable items did Achan take from Jericho's ruins and hide under his tent floor?,"A Babylonian robe, silver, and a bar of gold",An ivory throne and gold cups,A linen tunic and bronze shields,1,FALSE
Mundial_2,5,eventos,"¿En qué manifestación se reveló el Señor a Elías en el monte Horeb tras un gran viento, un terremoto y un fuego?",Un silbo apacible y delicado,Una columna de nube,Un trueno estruendoso,"Em qual manifestação o Senhor se revelou a Elias no monte Horebe após um grande vento, um terremoto e um fogo?",Uma voz mansa e delicada,Uma coluna de nuvem,Um trovão estrondoso,"In what form did the Lord reveal Himself to Elijah on Mount Horeb after the wind, earthquake, and fire?",A gentle whisper (still small voice),A pillar of cloud,A loud thunder clap,1,FALSE
Mundial_2,5,versiculos,"¿Qué libro profético del Antiguo Testamento comienza con ocho visiones nocturnas, incluyendo los jinetes de caballos de colores entre los mirtos?",Zacarías,Hageo,Malaquías,"Qual livro profético do Antigo Testamento começa com oito visões noturnas, incluindo os cavaleiros em cavalos coloridos entre as murtas?",Zacarias,Ageu,Malaquias,"Which Old Testament prophetic book opens with eight night visions, including riders on colored horses among the myrtle trees?",Zechariah,Haggai,Malachi,1,FALSE
Mundial_2,5,ciudades,¿En qué región o ciudad sanó Jesús a un hombre sordo y tartamudo apartándolo de la multitud y diciendo 'Efata'?,Decápolis,Sidón,Magdala,"Em qual região ou cidade Jesus curou um homem surdo e gago, tirando-o da multidão e dizendo 'Efatá'?",Decápolis,Sidom,Magdala,In which region did Jesus heal a deaf man with a speech impediment by taking him aside and saying 'Ephphatha'?,Decapolis,Sidon,Magdala,1,FALSE
Mundial_2,5,personajes,¿Qué rey de Israel fue asesinado por su oficial Zimri mientras estaba ebrio en la casa de su mayordomo en Tirsa?,Ela,Baasa,Nadab,Qual rei de Israel foi assassinado por seu oficial Zinri enquanto estava bêbado na casa de seu mordomo em Tirsa?,Elá,Baasa,Nadabe,Which king of Israel was assassinated by his officer Zimri while drinking himself drunk in Tirzah?,Elah,Baasha,Nadab,1,FALSE
Mundial_2,5,elementos,¿Qué exigió el rey Saúl a David como dote para entregarle a su hija Mical como esposa?,Cien prepucios de filisteos,Cien talentos de plata,Cincuenta cántaros de aceite,O que o rei Saul exigiu de Davi como dote para lhe dar sua filha Mical como esposa?,Cem prepúcios de filisteus,Cem talentos de prata,Cinquenta jarras de azeite,What did King Saul require from David as a bride price to marry his daughter Michal?,One hundred Philistine foreskins,One hundred talents of silver,Fifty jars of oil,1,FALSE
Mundial_2,5,eventos,¿Qué juicio divino escogió David como castigo tras realizar el censo del pueblo de Israel?,Tres días de peste,Tres años de hambre,Tres meses de persecución enemiga,Qual julgamento divino Davi escolheu como punição após realizar o censo do povo de Israel?,Três dias de peste,Três anos de fome,Três meses de perseguição inimiga,Which divine judgment did David choose as punishment after taking a census of Israel?,Three days of plague,Three years of famine,Three months of fleeing from enemies,1,FALSE
Mundial_2,5,versiculos,"¿En qué libro profético se encuentra la pregunta: '¿Mudará el etíope su piel, o el leopardo sus manchas?'?",Jeremías,Isaías,Ezequiel,Em qual livro profético se encontra a pergunta: 'Pode o etíope mudar a sua pele ou o leopardo as suas manchas?'?,Jeremias,Isaías,Ezequiel,In which prophetic book is the question asked: 'Can an Ethiopian change his skin or a leopard its spots?'?,Jeremiah,Isaiah,Ezekiel,1,FALSE
Mundial_2,5,ciudades,¿En qué ciudad puerto tuvo Pablo la visión de un hombre macedonio que le rogaba 'Pasa a Macedonia y ayúdanos'?,Troas,Mileto,Éfeso,Em qual cidade portuária Paulo teve a visão de um homem macedônio que lhe rogava 'Passa à Macedônia e ajuda-nos'?,Trôade,Mileto,Éfeso,In which port city did Paul have the vision of a man of Macedonia begging 'Come over to Macedonia and help us'?,Troas,Miletus,Ephesus,1,FALSE
Mundial_2,5,personajes,¿Qué juez de Israel hizo un voto impulsivo antes de la batalla contra los amonitas que afectó trágicamente a su única hija?,Jefté,Gedeón,Sansón,Qual juiz de Israel fez um voto impulsivo antes da batalha contra os amonitas que afetou tragicamente sua única filha?,Jefté,Gideão,Sansão,Which judge of Israel made a rash vow before defeating the Ammonites that tragically affected his only daughter?,Jephthah,Gideon,Samson,1,FALSE
Mundial_2,5,elementos,"Según el Evangelio de Marcos, ¿con qué elemento ungían los doce discípulos a muchos enfermos cuando Jesús los envió de dos en dos?",Aceite,Agua del Jordán,Vino con mirra,"Segundo o Evangelho de Marcos, com qual elemento os doze discípulos ungiam muitos enfermos quando Jesus os enviou de dois em dois?",Azeite,Água do Jordão,Vinho com mirra,"According to Mark's Gospel, with what did the twelve disciples anoint many sick people to heal them when sent out two by two?",Oil,Jordan water,Wine with myrrh,1,FALSE
Mundial_2,5,eventos,¿En qué monte se quitó la vida el rey Saúl tras ser gravemente herido en combate contra los filisteos?,Monte Gilboa,Monte Carmelo,Monte Tabor,Em qual monte o rei Saul tirou a própria vida após ser gravemente ferido em combate contra os filisteus?,Monte Gilboa,Monte Carmelo,Monte Tabor,On which mountain did King Saul fall on his own sword after being critically wounded by Philistine archers?,Mount Gilboa,Mount Carmel,Mount Tabor,1,FALSE
Mundial_2,5,versiculos,"¿En qué carta paulina se encuentra el célebre pasaje de la humillación de Cristo: 'El cual, siendo en forma de Dios...'?",Filipenses,Colosenses,Efesios,"Em qual carta paulina se encontra o célebre trecho da humilhação de Cristo: 'O qual, sendo em forma de Deus...'?",Filipenses,Colossenses,Efésios,"In which Pauline letter is the famous Christological hymn on Christ's self-emptying found: 'Who, being in very nature God...'?",Philippians,Colossians,Ephesians,1,FALSE
Mundial_2,6,ciudades,¿En qué ciudad del territorio de Manasés murió Gedeón y fue sepultado en el sepulcro de su padre Joás?,Ofra,Siquem,Peniel,Em qual cidade do território de Manassés Gideão morreu e foi sepultado no túmulo de seu pai Joás?,Ofra,Siquém,Peniel,In which city in the territory of Manasseh did Gideon die and get buried in the tomb of his father Joash?,Ophrah,Shechem,Peniel,1,FALSE
Mundial_2,6,personajes,"¿Qué profetisa intentó intimidar a Nehemías, siendo sobornada por Tobías y Sanbalat para que se escondiera en el templo?",Noadías,Hulda,Miriam,"Qual profetisa tentou intimidar Neemias, sendo subornada por Tobias e Sambalate para que ele se escondesse no templo?",Noadias,Hulda,Miriã,"Which prophetess tried to intimidate Nehemiah, being hired by Tobiah and Sanballat to make him hide in the temple?",Noadiah,Huldah,Miriam,1,FALSE
Mundial_2,6,elementos,¿Qué objeto utilizó el profeta Eliseo para purificar el manantial de aguas amargas en la ciudad de Jericó?,Una vasija nueva con sal,Una rama de almendro,Un puñado de harina,Qual objeto o profeta Eliseu usou para purificar a fonte de águas amargas na cidade de Jericó?,Uma jarra nova com sal,Um ramo de amendoeira,Um punhado de farinha,What object did the prophet Elisha use to purify the spring of bitter water in the city of Jericho?,A new bowl with salt,An almond branch,A handful of flour,1,FALSE
Mundial_2,6,eventos,¿En qué monte murió el sumo sacerdote Aarón tras traspasar sus vestiduras sacerdotales a su hijo Eleazar?,Monte Hor,Monte Nebo,Monte Sinaí,Em qual monte o sumo sacerdote Arão morreu após transferir suas vestes sacerdotais para seu filho Eleazar?,Monte Hor,Monte Nebo,Monte Sinai,On which mountain did the high priest Aaron die after transferring his priestly garments to his son Eleazar?,Mount Hor,Mount Nebo,Mount Sinai,1,FALSE
Mundial_2,6,versiculos,¿En qué libro del Antiguo Testamento se encuentra la declaración original de que 'el justo por su fe vivirá'?,Habacuc,Sofonías,Malaquías,Em qual livro do Antigo Testamento se encontra a declaração original de que 'o justo viverá pela sua fé'?,Habacuque,Sofonias,Malaquias,In which Old Testament book is the original statement found that 'the righteous shall live by his faith'?,Habakkuk,Zephaniah,Malachi,1,FALSE
Mundial_2,6,ciudades,"¿Qué ciudad, originalmente llamada Lais, fue conquistada por una tribu de Israel y renombrada con el nombre de su patriarca?",Dan,Betel,Hebrón,"Qual cidade, originalmente chamada Laís, foi conquistada por uma tribo de Israel e renomeada com o nome de seu patriarca?",Dã,Betel,Hebrom,"Which city, originally called Laish, was conquered by a tribe of Israel and renamed after their patriarch?",Dan,Bethel,Hebron,1,FALSE
Mundial_2,6,personajes,¿Quién era el rey de Moab que oprimió a Israel durante dieciocho años y fue asesinado por el juez zurdo Aod?,Eglón,Balac,Mesas,Quem era o rei dos moabitas que oprimiu Israel durante dezoito anos e foi assassinado pelo juiz canhoto Eúde?,Eglom,Balaque,Messa,Who was the king of Moab who oppressed Israel for eighteen years and was assassinated by the left-handed judge Ehud?,Eglon,Balak,Mesha,1,FALSE
Mundial_2,6,elementos,"¿Con qué instrumentos musicales profetizaban los hijos de Asaf, Hemán y Jedutún en el servicio del templo?","Címbalos, salterios y arpas",Trompetas de cuerno de carnero,Panderos y flautas,"Com quais instrumentos musicais profetizavam os filhos de Asafe, Hemã e Jedutum no serviço do templo?","Címbalos, alaúdes e harpas",Trombetas de chifre de carneiro,Tamborins e flautas,"With what musical instruments did the sons of Asaph, Heman, and Jeduthun prophesy in the temple service?","Cymbals, lyres, and harps",Ram's horn trumpets,Tambourines and flutes,1,FALSE
Mundial_2,6,eventos,"¿Qué desastre natural ocurrió durante los días de Uzías, rey de Judá, que fue recordado años después por el profeta Zacarías?",Un terremoto,Un eclipse solar profundo,Una plaga de langostas,"Qual desastre natural ocorreu nos dias de Uzias, rei de Judá, que foi lembrado anos depois pelo profeta Zacarias?",Um terremoto,Um eclipse solar profundo,Uma praga de gafanhotos,"What natural disaster occurred during the days of Uzziah king of Judah, which was recalled years later by the prophet Zechariah?",An earthquake,A deep solar eclipse,A plague of locusts,1,FALSE
Mundial_2,6,versiculos,¿En qué libro profético se describe con detalle la visión de un valle lleno de huesos secos que cobran vida por el aliento divino?,Ezequiel,Isaías,Daniel,Em qual livro profético é descrita detalhadamente a visão de um vale cheio de ossos secos que ganham vida pelo sopro divino?,Ezequiel,Isaías,Daniel,In which prophetic book is the vision of a valley full of dry bones coming to life by divine breath described in detail?,Ezekiel,Isaiah,Daniel,1,FALSE
Mundial_2,6,ciudades,¿En qué ciudad al este del río Jordán se refugió el rey David cuando huía de la rebelión armada de su hijo Absalón?,Mahanaim,Hebrón,Ziclag,Em qual cidade a leste do rio Jordão o rei Davi se refugiou quando fugia da rebelião armada de seu filho Absalão?,Maanaim,Hebrom,Ziclague,In which city east of the Jordan River did King David take refuge when fleeing from the armed rebellion of his son Absalom?,Mahanaim,Hebron,Ziklag,1,FALSE
Mundial_2,6,personajes,¿Qué eunuco etíope del palacio del rey Sedequías intercedió y rescató al profeta Jeremías de una cisterna de lodo?,Ebed-melec,Baruc,Gedalías,Qual eunuco etíope do palácio do rei Zedequias intercedeu e resgatou o profeta Jeremias de uma cisterna de lama?,Ebede-Meleque,Baruque,Gedalias,Which Ethiopian eunuch from King Zedekiah's palace interceded and rescued the prophet Jeremiah from a muddy cistern?,Ebed-melech,Baruch,Gedaliah,1,FALSE
Mundial_2,6,elementos,¿Qué objeto de trabajo pesado cayó al agua y flotó milagrosamente tras la intervención del profeta Eliseo?,Un hacha de hierro,Un yugo de bronce,Una piedra de molino,Qual objeto de trabalho pesado caiu na água e flutuou milagrosamente após a intervenção do profeta Eliseu?,Um machado de ferro,Um jugo de bronze,Uma pedra de moinho,What heavy work tool fell into the water and miraculously floated after the intervention of the prophet Elisha?,An iron axhead,A bronze yoke,A millstone,1,FALSE
Mundial_2,6,eventos,"¿Qué rey de Judá envió mensajeros a todo Israel, desde Beerseba hasta Dan, invitándolos a celebrar una gran Pascua en Jerusalén?",Ezequías,Josías,Salomón,"Qual rei de Judá enviou mensageiros a todo o Israel, de Berseba até Dã, convidando-os a celebrar uma grande Páscoa em Jerusalém?",Ezequias,Josias,Salomão,"Which king of Judah sent messengers throughout Israel, from Beersheba to Dan, inviting them to celebrate a great Passover in Jerusalem?",Hezekiah,Josiah,Solomon,1,FALSE
Mundial_2,6,versiculos,¿En qué epístola se advierte sobre los falsos maestros comparándolos con 'fuentes sin agua' y 'nubes empujadas por la tormenta'?,2 Pedro,1 Juan,Santiago,"Em qual epístola há um aviso sobre os falsos mestres, comparando-os a 'fontes sem água' e 'névoas levadas por uma tempestade'?",2 Pedro,1 João,Tiago,"In which epistle is there a warning about false teachers, comparing them to 'springs without water' and 'mists driven by a storm'?",2 Peter,1 John,James,1,FALSE
Mundial_2,6,ciudades,¿En qué puerto abordó el profeta Jonás una nave para huir hacia Tarsis lejos de la presencia de Dios?,Jope,Tiro,Sidón,"Em qual porto o profeta Jonas embarcou em um navio para fugir para Társis, longe da presença de Deus?",Jope,Tiro,Sidom,At which seaport did the prophet Jonah board a ship to flee to Tarshish away from the presence of the Lord?,Joppa,Tyre,Sidon,1,FALSE
Mundial_2,6,personajes,"¿Cómo se llamaba el valiente sumo sacerdote que, junto con otros ochenta sacerdotes, se opuso al rey Uzías en el templo?",Azarías,Joiada,Hilcías,"Como se chamava o valente sumo sacerdote que, junto com outros oitenta sacerdotes, se opôs ao rei Uzias no templo?",Azarias,Joiada,Hilquias,"What was the name of the courageous high priest who, along with eighty other priests, confronted King Uzziah in the temple?",Azariah,Jehoiada,Hilkiah,1,FALSE
Mundial_2,6,elementos,¿Qué piedra preciosa constituía el duodécimo y último fundamento del muro de la Nueva Jerusalén descrita en Apocalipsis?,Amatista,Jaspe,Zafiro,Qual pedra preciosa constituía o décimo segundo e último fundamento do muro da Nova Jerusalém descrita em Apocalipse?,Ametista,Jaspe,Safira,Which precious stone formed the twelfth and final foundation of the wall of the New Jerusalem described in Revelation?,Amethyst,Jasper,Sapphire,1,FALSE
Mundial_2,6,eventos,¿Qué fenómeno sobrenatural interrumpió el banquete del rey Belsasar y anunció la inminente caída de Babilonia?,Los dedos de una mano escribiendo en la pared,Un terremoto que resquebrajó el palacio,Una voz como de trompeta desde el cielo,Qual fenômeno sobrenatural interrompeu o banquete do rei Belsazar e anunciou a queda iminente da Babilônia?,Os dedos de uma mão escrevendo na parede,Um terremoto que rachou o palácio,Uma voz como de trombeta vinda do céu,What supernatural phenomenon interrupted King Belshazzar's feast and announced the imminent fall of Babylon?,Fingers of a human hand writing on the wall,An earthquake that cracked the palace,A voice like a trumpet from heaven,1,FALSE
Mundial_2,6,versiculos,¿En qué libro del Nuevo Testamento se encuentra la afirmación: 'Toda buena dádiva y todo don perfecto desciende de lo alto'?,Santiago,Hebreos,Efesios,Em qual livro do Novo Testamento se encontra a afirmação: 'Toda boa dádiva e todo dom perfeito vêm do alto'?,Tiago,Hebreus,Efésios,In which New Testament book is the statement found: 'Every good and perfect gift is from above'?,James,Hebrews,Ephesians,1,FALSE
Mundial_3,1,ciudades,¿En qué ciudad de Cilicia nació el apóstol Pablo?,Tarso,Antioquía,Listra,Em qual cidade da Cilícia nasceu o apóstolo Paulo?,Tarso,Antioquia,Listra,In which city of Cilicia was the apostle Paul born?,Tarsus,Antioch,Lystra,1,FALSE
Mundial_3,1,personajes,"¿Quién era el padre de Bezaleel, el artesano principal del Tabernáculo?",Uri,Hur,Caleb,"Quem era o pai de Bezalel, o principal artesão do Tabernáculo?",Uri,Hur,Calebe,"Who was the father of Bezalel, the chief craftsman of the Tabernacle?",Uri,Hur,Caleb,1,FALSE
Mundial_3,1,elementos,¿De qué madera estaban hechas las varas para transportar el Arca de la Alianza?,Madera de acacia,Madera de cedro,Madera de olivo,De qual madeira eram feitas as varas para transportar a Arca da Aliança?,Madeira de acácia,Madeira de cedro,Madeira de oliveira,Of what wood were the poles to carry the Ark of the Covenant made?,Acacia wood,Cedar wood,Olive wood,1,FALSE
Mundial_3,1,eventos,¿En qué valle el sol se detuvo por orden de Josué durante la batalla contra los amorreos?,Valle de Ajalón,Valle de Elah,Valle de Jezreel,Em qual vale o sol parou por ordem de Josué durante a batalha contra os amorreus?,Vale de Aijalom,Vale de Elá,Vale de Jezreel,In which valley did the sun stand still at Joshua's command during the battle against the Amorites?,Valley of Aijalon,Valley of Elah,Valley of Jezreel,1,FALSE
Mundial_3,1,versiculos,¿En qué libro del Antiguo Testamento se encuentra el versículo 'El corazón alegre hermosea el rostro'?,Proverbios,Eclesiastés,Cantares,Em qual livro do Antigo Testamento se encontra o versículo 'O coração alegre afora o rosto'?,Provérbios,Eclesiastes,Cânticos,In which Old Testament book is the verse found 'A glad heart makes a cheerful face'?,Proverbs,Ecclesiastes,Song of Solomon,1,FALSE
Mundial_3,1,ciudades,¿En qué ciudad fue lapidado el apóstol Pablo y dado por muerto durante su primer viaje misionero?,Listra,Iconio,Derbe,Em qual cidade o apóstolo Paulo foi apedrejado e dado como morto em sua primeira viagem missionária?,Listra,Icônio,Derbe,In which city was the apostle Paul stoned and left for dead during his first missionary journey?,Lystra,Iconium,Derbe,1,FALSE
Mundial_3,1,personajes,¿Qué rey de Judá fue castigado con lepra por intentar quemar incienso en el Templo?,Uzías (Azarías),Acaz,Jotam,Qual rei de Judá foi punido com lepra por tentar queimar incenso no Templo?,Uzias (Azarias),Acaz,Jotão,Which king of Judah was struck with leprosy for attempting to burn incense in the Temple?,Uzziah (Azariah),Ahaz,Jotham,1,FALSE
Mundial_3,1,elementos,¿De qué metal estaba hecha la serpiente que Moisés levantó en el desierto?,Bronce,Cobre,Hierro,De qual metal era feita a serpente que Moisés levantou no deserto?,Bronze,Cobre,Ferro,Of what metal was the serpent that Moses lifted up in the wilderness made?,Bronze,Copper,Iron,1,FALSE
Mundial_3,1,eventos,¿Qué evento milagroso ocurrió cuando Pablo y Silas cantaban himnos en la cárcel de Filipos?,Un gran terremoto abrió las puertas,Descendió un ángel y los invisibilizó,Se apagaron las antorchas de los guardias,Qual evento milagroso ocorreu quando Paulo e Silas cantavam hinos na prisão de Filipos?,Um grande terremoto abriu as portas,Um anjo desceu e os tornou invisíveis,As tochas dos guardas se apagaram,What miraculous event occurred while Paul and Silas were singing hymns in the Philippian jail?,A great earthquake opened the doors,An angel descended and made them invisible,The guards' torches went out,1,FALSE
Mundial_3,1,versiculos,"¿En qué epístola se halla el pasaje 'Porque la palabra de Dios es viva y eficaz, y más cortante que toda espada de dos filos'?",Hebreos,Efesios,2 Timoteo,"Em qual epístola se encontra a passagem 'Porque a palavra de Deus é viva e eficaz, e mais penetrante do que espada alguma de dois gumes'?",Hebreus,Efésios,2 Timóteo,"In which epistle is the passage found 'For the word of God is alive and active, sharper than any double-edged sword'?",Hebrews,Ephesians,2 Timothy,1,FALSE
Mundial_3,1,ciudades,¿Qué pequeña ciudad fue librada de la destrucción a petición de Lot para huir allí?,Zoar,Adma,Zeboim,Qual pequena cidade foi poupada da destruição a pedido de Ló para que ele fugisse para lá?,Zoar,Admá,Zeboim,Which small town was spared from destruction at Lot's request so he could flee there?,Zoar,Admah,Zeboiim,1,FALSE
Mundial_3,1,personajes,¿Qué comandante del ejército de Israel mató al rebelde Absalón clavándole tres dardos?,Joab,Benaía,Abisai,Qual comandante do exército de Israel matou o rebelde Absalão cravando-lhe três dardos?,Joabe,Benaia,Abisai,Which commander of Israel's army killed the rebel Absalom by thrusting three javelins into him?,Joab,Benaiah,Abishai,1,FALSE
Mundial_3,1,elementos,¿Qué objeto sagrado llevó el ejército de Israel a la batalla contra los filisteos en Eben-ezer y fue capturado?,El Arca de la Alianza,El Efod de oro,El altar de incienso,Qual objeto sagrado o exército de Israel levou para a batalha em Ebenézer e foi capturado?,A Arca da Aliança,O Éfode de ouro,O altar de incenso,"Which sacred object did the army of Israel bring into battle at Ebenezer, only for it to be captured?",The Ark of the Covenant,The golden Ephod,The altar of incense,1,FALSE
Mundial_3,1,eventos,¿En qué monte descendió fuego del cielo para consumir el holocausto del profeta Elías?,Monte Carmelo,Monte Horeb,Monte Hermón,Em qual monte desceu fogo do céu para consumir o holocausto do profeta Elias?,Monte Carmelo,Monte Horebe,Monte Hermom,On which mountain did fire fall from heaven to consume Elijah's burnt offering?,Mount Carmel,Mount Horeb,Mount Hermon,1,FALSE
Mundial_3,1,versiculos,"¿En qué libro de la Biblia se encuentra la profecía 'Saldrá una estrella de Jacob, y se levantará un cetro de Israel'?",Números,Deuteronomio,Génesis,Em qual livro da Bíblia se encontra a profecia 'Uma estrela procederá de Jacó e um cetro se levantará de Israel'?,Números,Deuteronômio,Gênesis,"In which book of the Bible is the prophecy found 'A star shall come out of Jacob, and a scepter shall rise out of Israel'?",Numbers,Deuteronomy,Genesis,1,FALSE
Mundial_3,1,ciudades,¿En qué ciudad de Judá fue ungido David como rey sobre la casa de Judá?,Hebrón,Belén,Jerusalén,Em qual cidade de Judá Davi foi ungido rei sobre a casa de Judá?,Hebrom,Belém,Jerusalém,In which city of Judah was David anointed king over the house of Judah?,Hebron,Bethlehem,Jerusalem,1,FALSE
Mundial_3,1,personajes,¿Qué sumo sacerdote ocultó al joven rey Joás durante seis años de la reina Atalía?,Joiada,Abiatar,Sadoc,Qual sumo sacerdote escondeu o jovem rei Joás por seis anos da rainha Atalia?,Joiada,Abiatar,Zadoque,Which high priest hid young King Joash for six years from Queen Athaliah?,Jehoiada,Abiathar,Zadok,1,FALSE
Mundial_3,1,elementos,¿De qué material eran las dos columnas principales (Jaquín y Boaz) del templo de Salomón?,Bronce,Oro,Plata,De que material eram as duas colunas principais (Jaquim e Boaz) do templo de Salomão?,Bronze,Ouro,Prata,Of what material were the two main pillars (Jachin and Boaz) of Solomon's temple made?,Bronze,Gold,Silver,1,FALSE
Mundial_3,1,eventos,¿En qué fiesta judía descendió el Espíritu Santo en forma de lenguas de fuego sobre los discípulos?,Pentecostés,Pascua,Tabernáculos,Em qual festa judaica o Espírito Santo desceu em forma de línguas de fogo sobre os discípulos?,Pentecostes,Páscoa,Tabernáculos,On which Jewish festival did the Holy Spirit descend as tongues of fire upon the disciples?,Pentecost,Passover,Tabernacles,1,FALSE
Mundial_3,1,versiculos,¿En qué libro del Antiguo Testamento se halla el versículo 'Porque yo sé los pensamientos que tengo acerca de vosotros...'?,Jeremías,Isaías,Ezequiel,Em qual livro do Antigo Testamento se encontra o versículo 'Porque eu bem sei os pensamentos que tenho a vosso respeito...'?,Jeremias,Isaías,Ezequiel,In which Old Testament book is the verse found 'For I know the plans I have for you...'?,Jeremiah,Isaiah,Ezekiel,1,FALSE
Mundial_3,2,ciudades,¿En qué ciudad tuvo lugar la rebelión del platero Demetrio contra el apóstol Pablo?,Éfeso,Atenas,Corinto,Em qual cidade ocorreu o alvoroço do ourives Demétrio contra o apóstolo Paulo?,Éfeso,Atenas,Corinto,In which city did the riot led by the silversmith Demetrius against Paul take place?,Ephesus,Athens,Corinth,1,FALSE
Mundial_3,2,personajes,¿Qué profeta fue arrojado a una cisterna llena de cieno por anunciar la caída de Jerusalén?,Jeremías,Ezequiel,Amós,Qual profeta foi lançado em uma cisterna cheia de lama por anunciar a queda de Jerusalém?,Jeremias,Ezequiel,Amós,Which prophet was thrown into a muddy cistern for announcing the fall of Jerusalem?,Jeremiah,Ezekiel,Amos,1,FALSE
Mundial_3,2,elementos,¿Qué vestidura especial hizo Jacob para su hijo preferido José?,Una túnica de diversos colores,Un manto de lino fino,Un cinto de púrpura,Qual vestimenta especial Jacó fez para seu filho preferido José?,Uma túnica de várias cores,Um manto de linho fino,Um cinto de púrpura,What special garment did Jacob make for his favored son Joseph?,A coat of many colors,A fine linen robe,A purple sash,1,FALSE
Mundial_3,2,eventos,¿Qué milagro realizó Jesús en Naín al compadecerse de una viuda desconsolada?,Resucitó a su hijo único,Sanó a su siervo paralítico,Multiplicó sus alimentos,Qual milagre Jesus realizou em Naim ao se compadecer de uma viúva desconsolada?,Ressuscitou seu filho único,Curou seu servo paralítico,Multiplicou seus alimentos,What miracle did Jesus perform in Nain out of compassion for a grieving widow?,Raised her only son to life,Healed her paralyzed servant,Multiplied her food,1,FALSE
Mundial_3,2,versiculos,"¿Qué libro de la Biblia concluye con la frase 'Ciertamente vengo en breve. Amén; sí, ven, Señor Jesús'?",Apocalipsis,Judas,2 Pedro,"Qual livro da Bíblia conclui com a frase 'Certamente cedo venho. Amém. Sim, vem, Senhor Jesus'?",Apocalipse,Judas,2 Pedro,"Which book of the Bible concludes with 'Yes, I am coming soon. Amen. Come, Lord Jesus'?",Revelation,Jude,2 Peter,1,FALSE
Mundial_3,2,ciudades,¿En qué ciudad siria fueron llamados 'cristianos' por primera vez los discípulos de Jesús?,Antioquía,Damasco,Tiro,Em qual cidade síria os discípulos de Jesus foram chamados de 'cristãos' pela primeira vez?,Antioquia,Damasco,Tiro,In which Syrian city were the disciples of Jesus first called 'Christians'?,Antioch,Damascus,Tyre,1,FALSE
Mundial_3,2,personajes,¿Quién era el escriba que leyó la Ley de Moisés ante el pueblo de Jerusalén tras el cautiverio?,Esdras,Nehemías,Zorobabel,Quem era o escriba que leu a Lei de Moisés diante do povo de Jerusalém após o cativeiro?,Esdras,Neemias,Zorobabel,Who was the scribe who read the Law of Moses before the people of Jerusalem after the exile?,Ezra,Nehemiah,Zerubbabel,1,FALSE
Mundial_3,2,elementos,¿Qué usó Gedeón para confirmar la voluntad de Dios antes de atacar a los madianitas?,Un vellón de lana,Un puñado de trigo,Un cántaro de barro,O que Gideão usou para confirmar a vontade de Deus antes de atacar os midianitas?,Uma mecha de lã,Um punhado de trigo,Um jarro de barro,What did Gideon use to confirm God's will before attacking the Midianites?,A fleece of wool,A handful of wheat,A clay pitcher,1,FALSE
Mundial_3,2,eventos,"¿En qué monte transfiguró Jesús su rostro ante Pedro, Santiago y Juan?",Un monte alto (Tabor / Hermón),El Monte de los Olivos,El Monte Sinaí,"Em qual monte Jesus foi transfigurado diante de Pedro, Tiago e João?",Um alto monte (Tabor / Hermom),O Monte das Oliveiras,O Monte Sinai,"On which mountain was Jesus transfigured before Peter, James, and John?",A high mountain (Tabor / Hermon),The Mount of Olives,Mount Sinai,1,FALSE
Mundial_3,2,versiculos,"¿En qué epístola se halla la frase 'El amor es sufrido, es benigno; el amor no tiene envidia...'?",1 Corintios,Efesios,Gálatas,"Em qual epístola se encontra a frase 'O amor é paciente, é bondoso; o amor não é invejoso...'?",1 Coríntios,Efésios,Gálatas,"In which epistle is the phrase found 'Love is patient, love is kind. It does not envy...'?",1 Corinthians,Ephesians,Galatians,1,FALSE
Mundial_3,2,ciudades,"¿En qué ciudad habitaba Cornelio, el centurión romano a quien Pedro visitó?",Cesarea,Jope,Tiberias,"Em qual cidade morava Cornélio, o centurião romano que Pedro visitou?",Cesareia,Jope,Tiberíades,"In which city did Cornelius, the Roman centurion visited by Peter, live?",Caesarea,Joppa,Tiberias,1,FALSE
Mundial_3,2,personajes,¿Cómo se llamaba el joven que cayó dormido durante la prédica de Pablo y cayó del tercer piso?,Eutico,Tíquico,Tercio,Como se chamava o jovem que adormeceu durante a pregação de Paulo e caiu do terceiro andar?,Éutico,Tíquico,Tércio,What was the name of the young man who fell asleep during Paul's sermon and fell from the third story?,Eutychus,Tychicus,Tertius,1,FALSE
Mundial_3,2,elementos,¿Qué objeto llevaba la mujer samaritana cuando conversó con Jesús en el pozo de Jacob?,Un cántaro,Un odre de cuero,Una vasija de plata,Qual objeto a mulher samaritana levava quando conversou com Jesus no poço de Jacó?,Um cántaro,Um odre de couro,Um vaso de prata,What object did the Samaritan woman have when conversing with Jesus at Jacob's well?,A water jar,A leather wineskin,A silver vessel,1,FALSE
Mundial_3,2,eventos,¿Qué plaga final sobre Egipto forzó al Faraón a dejar ir al pueblo de Israel?,La muerte de los primogénitos,La plaga de langostas,Las tinieblas densas,Qual praga final sobre o Egito forçou o Faraó a deixar o povo de Israel ir?,A morte dos primogênitos,A praga de gafanhotos,As trevas densas,Which final plague upon Egypt forced Pharaoh to let the people of Israel go?,The death of the firstborn,The plague of locusts,The thick darkness,1,FALSE
Mundial_3,2,versiculos,"¿En qué libro bíblico se encuentra 'Tiempo de nacer, y tiempo de morir; tiempo de plantar, y tiempo de arrancar'?",Eclesiastés,Proverbios,Cantares,Em qual livro bíblico se encontra 'Tempo de nascer e tempo de morrer; tempo de plantar e tempo de arrancar'?,Eclesiastes,Provérbios,Cânticos,In which biblical book is found 'A time to be born and a time to die; a time to plant and a time to uproot'?,Ecclesiastes,Proverbs,Song of Solomon,1,FALSE
Mundial_3,2,ciudades,¿En qué aldea resucitó Jesús a Lázaro tras cuatro días de estar sepultado?,Betania,Belén,Jerusalén,Em qual aldeia Jesus ressuscitou Lázaro após quatro dias no sepulcro?,Betânia,Belém,Jerusalém,In which village did Jesus raise Lazarus after he had been in the tomb four days?,Bethany,Bethlehem,Jerusalem,1,FALSE
Mundial_3,2,personajes,¿Quién era el rey de Siria a quien el general Naamán servía antes de curarse de lepra?,Ben-hadad,Hazael,Rezin,Quem era o rei da Síria a quem o general Naamã servia antes de se curar da lepra?,Ben-Hadade,Hazael,Rezim,Who was the king of Aram (Syria) whom commander Naaman served before being healed of leprosy?,Ben-hadad,Hazael,Rezin,1,FALSE
Mundial_3,2,elementos,¿Qué objeto usó Sansón para matar a mil filisteos en Lehi?,Una quijada de asno fresca,Una lanza de bronce,Una honda y piedras,O que Sansão usou para matar mil filisteus em Leí?,Uma queixada fresca de jumento,Uma lança de bronze,Um funda e pedras,What object did Samson use to strike down a thousand Philistines at Lehi?,A fresh jawbone of a donkey,A bronze spear,A sling and stones,1,FALSE
Mundial_3,2,eventos,¿Qué ocurrió con el velo del Templo en el instante exacto en que Jesús murió en la cruz?,"Se rasgó en dos, de arriba abajo",Se quemó por completo,Se volvió de color blanco,O que aconteceu com o véu do Templo no exato instante em que Jesus morreu na cruz?,"Rasgou-se em dois, de alto a baixo",Queimou completamente,Tornou-se de cor branca,What happened to the Temple curtain at the exact moment Jesus died on the cross?,It was torn in two from top to bottom,It caught fire completely,It turned white in color,1,FALSE
Mundial_3,2,versiculos,¿En qué epístola se afirma enfáticamente que 'la fe sin obras está muerta'?,Santiago,Gálatas,1 Pedro,Em qual epístola se afirma enfaticamente que 'a fé sem obras é morta'?,Tiago,Gálatas,1 Pedro,In which epistle is it emphatically stated that 'faith without works is dead'?,James,Galatians,1 Peter,1,FALSE
Mundial_3,3,ciudades,¿En qué ciudad de Macedonia sufrieron azotes y cárcel Pablo y Silas tras expulsar un espíritu de adivinación?,Filipos,Tesalónica,Berea,Em qual cidade da Macedônia Paulo e Silas foram açoitados e presos após expulsarem um espírito de adivinhação?,Filipos,Tessalônica,Bereia,In which Macedonian city were Paul and Silas beaten and imprisoned after casting out a spirit of divination?,Philippi,Thessalonica,Berea,1,FALSE
Mundial_3,3,personajes,¿Qué sumo sacerdote ungió a Salomón junto a la fuente de Gihón para asegurar su trono frente a Adonías?,Sadoc,Abiatar,Joiada,Qual sumo sacerdote ungiu Salomão junto à fonte de Giom para assegurar seu trono diante de Adonias?,Zadoque,Abiatar,Joiada,Which high priest anointed Solomon at the Gihon spring to secure his throne against Adonijah?,Zadok,Abiathar,Jehoiada,1,FALSE
Mundial_3,3,elementos,¿Qué instrumento musical tocaba David para calmar el espíritu atormentador del rey Saúl?,El arpa,La flauta,El salterio,Qual instrumento musical Davi tocava para acalmar o espírito perturbador do rei Saul?,A harpa,A flauta,O saltério,What musical instrument did David play to soothe King Saul's tormenting spirit?,The harp,The flute,The psalter,1,FALSE
Mundial_3,3,eventos,¿Qué rey judío vio retroceder diez grados la sombra del reloj de sol como señal de su sanidad?,Ezequías,Josías,Josafat,Qual rei judeu viu a sombra do relógio de sol recuar dez graus como sinal de sua cura?,Ezequias,Josias,Josafá,Which king of Judah saw the shadow on the sundial go back ten steps as a sign of his healing?,Hezekiah,Josiah,Jehoshaphat,1,FALSE
Mundial_3,3,versiculos,¿En qué libro se encuentra la profecía del 'Siervo Sufriente' que dice 'mas él herido fue por nuestras rebeliones'?,Isaías,Jeremías,Ezequiel,Em qual livro se encontra a profecia do 'Servo Sofredor' que diz 'mas ele foi ferido por causa das nossas transgressões'?,Isaías,Jeremias,Ezequiel,In which book is the prophecy of the 'Suffering Servant' found stating 'he was pierced for our transgressions'?,Isaiah,Jeremiah,Ezekiel,1,FALSE
Mundial_3,3,ciudades,¿En qué ciudad de Caldea vivía Abram antes de ser llamado por Dios para ir a Harán?,Ur de los Caldeos,Babilonia,Nínive,Em qual cidade da Caldeia vivia Abrão antes de ser chamado por Deus para ir a Harã?,Ur dos Caldeus,Babilônia,Nínive,In which city of Chaldea did Abram live before being called by God to go to Haran?,Ur of the Chaldeans,Babylon,Nineveh,1,FALSE
Mundial_3,3,personajes,¿Quién era el general del ejército de Saúl que posteriormente proclamó rey a Is-boset?,Abner,Joab,Benaía,Quem era o general do exército de Saul que posteriormente proclamou Ish-Bosete como rei?,Abner,Joabe,Benaia,Who was the commander of Saul's army who later proclaimed Ish-bosheth king?,Abner,Joab,Benaiah,1,FALSE
Mundial_3,3,elementos,¿De qué madera mandó construir Dios el Arca de Noé?,Madera de gofer,Madera de cedro,Madera de ciprés,De qual madeira Deus mandou construir a Arca de Noé?,Madeira de gofer,Madeira de cedro,Madeira de cipreste,Of what wood did God command Noah to build the Ark?,Gopher wood,Cedar wood,Cypress wood,1,FALSE
Mundial_3,3,eventos,¿Qué le ocurrió a la esposa de Lot cuando miró hacia atrás durante la destrucción de Sodoma?,Se convirtió en estatua de sal,Fue consumida por el fuego,Se quedó ciega instantáneamente,O que aconteceu com a mulher de Ló quando olhou para trás durante a destruição de Sodoma?,Transformou-se em uma estátua de sal,Foi consumida pelo fogo,Ficou cega instantaneamente,What happened to Lot's wife when she looked back during the destruction of Sodom?,She became a pillar of salt,She was consumed by fire,She was instantly blinded,1,FALSE
Mundial_3,3,versiculos,"¿En qué epístola se afirma que 'la fe es la certeza de lo que se espera, la convicción de lo que no se ve'?",Hebreos,Santiago,Romanos,"Em qual epístola se afirma que 'a fé é a certeza das coisas que se esperam, a convicção das coisas que não se vêem'?",Hebreus,Tiago,Romanos,"In which epistle is it stated that 'faith is the substance of things hoped for, the evidence of things not seen'?",Hebrews,James,Romans,1,FALSE
Mundial_3,3,ciudades,¿En qué ciudad ocurrió el juicio y condena a muerte por apedreamiento del primer mártir Esteban?,Jerusalén,Damasco,Cesarea,Em qual cidade ocorreu o julgamento e morte por apedrejamento do primeiro mártir Estêvão?,Jerusalém,Damasco,Cesareia,"In which city did the trial and stoning death of Stephen, the first martyr, take place?",Jerusalem,Damascus,Caesarea,1,FALSE
Mundial_3,3,personajes,¿Quién era la profetisa de edad avanzada que daba gracias a Dios en el Templo al ver al niño Jesús?,Ana,Elisabeth,Sefora,Quem era a profetisa idosa que dava graças a Deus no Templo ao ver o menino Jesus?,Ana,Izabel,Zípora,Who was the elderly prophetess who gave thanks to God in the Temple upon seeing the child Jesus?,Anna,Elizabeth,Zipporah,1,FALSE
Mundial_3,3,elementos,¿Qué usó David para derrotar al gigante Goliat además de su honda y fe en Dios?,Una piedra lisa del arroyo,Una espada de bronce,Una jabalina corta,O que Davi usou para derrotar o gigante Golias além de sua funda e fé em Deus?,Uma pedra lisa do ribeiro,Uma espada de bronze,Uma javelin curta,What did David use to defeat the giant Goliath along with his sling and faith in God?,A smooth stone from the stream,A bronze sword,A short javelin,1,FALSE
Mundial_3,3,eventos,¿Qué milagro realizó Jesús en las bodas de Caná de Galilea?,Convertir el agua en vino,Multiplicar los peces,Sanar al sirviente del oficial,Qual milagre Jesus realizou nas bodas de Caná da Galileia?,Transformar a água em vinho,Multiplicar os peixes,Curar o servo do oficial,What miracle did Jesus perform at the wedding in Cana of Galilee?,Turned water into wine,Multiplied the fish,Healed the officer's servant,1,FALSE
Mundial_3,3,versiculos,"¿En qué evangelio se halla la cita 'Yo soy el camino, y la verdad, y la vida; nadie viene al Padre, sino por mí'?",Juan,Mateo,Lucas,"Em qual evangelho se encontra a citação 'Eu sou o caminho, e a verdade e a vida; ninguém vem ao Pai, senão por mim'?",João,Mateus,Lucas,In which gospel is the verse found 'I am the way and the truth and the life. No one comes to the Father except through me'?,John,Matthew,Luke,1,FALSE
Mundial_3,3,ciudades,¿A qué ciudad huía el profeta Jonás en un barco cuando fue tragado por el gran pez?,Tarsis,Nínive,Jope,Para qual cidade o profeta Jonas fugia em um navio quando foi engolido pelo grande peixe?,Társis,Nínive,Jope,To which city was the prophet Jonah fleeing on a ship when he was swallowed by the great fish?,Tarshish,Nineveh,Joppa,1,FALSE
Mundial_3,3,personajes,¿Qué reina de Judá usurpó el trono y mandó a matar a la descendencia real tras la muerte de Ocozías?,Atalía,Jezabel,Vasti,Qual rainha de Judá usurpou o trono e mandou matar a descendência real após a morte de Acazias?,Atalia,Jezabel,Vasti,Which queen of Judah usurped the throne and executed the royal family after Ahaziah's death?,Athaliah,Jezebel,Vashti,1,FALSE
Mundial_3,3,elementos,¿Qué objeto milagroso floreció y produjo almendras para confirmar el liderazgo de la tribu de Leví?,La vara de Aarón,La vara de Moisés,El báculo de Josué,Qual objeto milagroso floresceu e produziu amêndoas para confirmar a liderança da tribo de Levi?,A vara de Arão,A vara de Moisés,O báculo de Josué,What miraculous object sprouted and produced almonds to confirm the leadership of the tribe of Levi?,Aaron's rod,Moses' staff,Joshua's spear,1,FALSE
Mundial_3,3,eventos,¿Qué ocurrió con los muros de Jericó tras dar siete vueltas el séptimo día y tocar las trompetas?,Se derrumbaron por completo,Se abrieron por la mitad,Fueron consumidos por fuego,O que aconteceu com as muralhas de Jericó após darem sete voltas no sétimo dia e tocarem as trombetas?,Caíram completamente,Abriram-se ao meio,Foram consumidas pelo fogo,What happened to the walls of Jericho after the Israelites marched seven times on the seventh day and blew trumpets?,They collapsed completely,They opened down the middle,They were consumed by fire,1,FALSE
Mundial_3,3,versiculos,¿En qué rey compuso el Salmo 51 pidiendo perdón tras su pecado con Betsabé?,David,Salomón,Ezequías,Qual rei compôs o Salmo 51 pedindo perdão após seu pecado com Bate-Seba?,Davi,Salomão,Ezequias,Which king composed Psalm 51 asking for forgiveness after his sin with Bathsheba?,David,Solomon,Hezekiah,1,FALSE
Mundial_3,4,elementos,¿Qué instrumento musical tocaba David para calmar el espíritu atormentado del rey Saúl?,El arpa,La flauta,El salterio,Qual instrumento musical Davi tocava para acalmar o espírito atormentado do rei Saul?,A harpa,A flauta,O saltério,What musical instrument did David play to soothe King Saul's tormented spirit?,The harp,The flute,The psaltery,1,FALSE
Mundial_3,4,ciudades,¿En qué valle detuvo Josué el sol y la luna durante la batalla contra los reyes amorreos?,Valle de Ajalón,Valle de Elah,Valle de Jezreel,Em qual vale Josué fez parar o sol e a lua durante a batalha contra os reis amorreus?,Vale de Aijalom,Vale de Elá,Vale de Jezreel,In which valley did Joshua command the sun and moon to stand still during battle?,Valley of Aijalon,Valley of Elah,Valley of Jezreel,1,FALSE
Mundial_3,4,personajes,¿Qué profeta reprendió al rey David tras su pecado con Betsabé mediante una parábola?,Natán,Gad,Ahías,Qual profeta repreendeu o rei Davi após seu pecado com Bate-Seba por meio de uma parábola?,Natã,Gade,Aías,Which prophet rebuked King David after his sin with Bathsheba through a parable?,Nathan,Gad,Ahijah,1,FALSE
Mundial_3,4,personajes,"¿Cómo se llamaba el padre de Juan el Bautista, perteniciente al grupo sacerdotal de Abías?",Zacarías,Simeón,Ananías,"Como se chamava o pai de João Batista, pertencente à ordem sacerdotal de Abias?",Zacarias,Simeão,Ananias,"What was the name of John the Baptist's father, who belonged to the priestly division of Abijah?",Zechariah,Simeon,Ananias,1,FALSE
Mundial_3,4,personajes,¿Qué diácono fue el primer mártir cristiano pedreado hasta la muerte tras su discurso ante el Sanedrín?,Esteban,Felipe,Prócoro,Qual diácono foi o primeiro mártir cristão apedrejado até a morte após seu discurso perante o Sinédrio?,Estêvão,Filipe,Prócoro,Which deacon was the first Christian martyr stoned to death following his speech to the Sanhedrin?,Stephen,Philip,Prochorus,1,FALSE
Mundial_3,4,personajes,"¿Cuántos años vivió Matusalén, la persona más longeva registrada en las Escrituras?",969 años,950 años,930 años,"Quantos anos viveu Matusalém, a pessoa mais longeva registrada nas Escrituras?",969 anos,950 anos,930 anos,"How many years did Methuselah live, making him the oldest person recorded in Scripture?",969 years,950 years,930 years,1,FALSE
Mundial_3,4,personajes,¿Qué mujer escondió a los dos espías enviados por Josué a Jericó debajo de manojos de lino?,Rahab,Rut,Tamar,Qual mulher escondeu os dois espiões enviados por Josué a Jericó debaixo de hastes de linho?,Raabe,Rute,Tamar,Which woman hid the two spies sent by Joshua to Jericho under stalks of flax?,Rahab,Ruth,Tamar,1,FALSE
Mundial_3,4,ciudades,¿Qué monte es tradicionalmente asociado con la Transfiguración de Jesús junto a Moisés y Elías?,Monte Tabor,Monte de los Olivos,Monte Carmelo,Qual monte é tradicionalmente associado à Transfiguração de Jesus junto a Moisés e Elias?,Monte Tabor,Monte das Oliveiras,Monte Carmelo,Which mountain is traditionally associated with the Transfiguration of Jesus alongside Moses and Elijah?,Mount Tabor,Mount of Olives,Mount Carmel,1,FALSE
Mundial_3,4,personajes,¿Qué profeta fue llevado cautivo a Babilonia junto con el rey Joaquín en la primera deportación masiva?,Ezequiel,Daniel,Jeremías,Qual profeta foi levado cativo para a Babilônia junto com o rei Joaquim na primeira deportação em massa?,Ezequiel,Daniel,Jeremias,Which prophet was taken captive to Babylon along with King Jehoiachin during the first mass deportation?,Ezekiel,Daniel,Jeremiah,1,FALSE
Mundial_3,4,personajes,¿Cómo se llamaba el eunuco principal del rey Asuero encargado del cuidado de las mujeres en Susa?,Hegai,Hatac,Bigtán,Como se chamava o eunuco principal do rei Assuero encarregado do cuidado das mulheres em Susã?,Hegai,Hataque,Bigtã,What was the name of King Ahasuerus's chief eunuch in charge of the women in Susa?,Hegai,Hathach,Bigthan,1,FALSE
Mundial_3,4,personajes,¿Qué rey de Judá fue herido por una flecha en Megido durante su batalla contra el faraón Necao II?,Josías,Joacim,Ocozías,Qual rei de Judá foi ferido por uma flecha em Megido durante a batalha contra o faraó Neco II?,Josias,Jeoaquim,Acazias,Which king of Judah was fatally wounded by an arrow at Megiddo in battle against Pharaoh Necho II?,Josiah,Jehoiakim,Ahaziah,1,FALSE
Mundial_3,4,ciudades,"Según Números 20, ¿en qué monte murió el sumo sacerdote Aarón tras transferir sus vestiduras a Eleazar?",Monte Hor,Monte Nebo,Monte Sinaí,"Segundo Números 20, em qual monte morreu o sumo sacerdote Arão após transferir suas vestes a Eleazar?",Monte Hor,Monte Nebo,Monte Sinai,"According to Numbers 20, on which mountain did the high priest Aaron die after passing his garments to Eleazar?",Mount Hor,Mount Nebo,Mount Sinai,1,FALSE
Mundial_3,4,personajes,¿Qué juez libró a Israel de los amonitas tras hacer un voto sobre lo primero que saliera de su casa?,Jefté,Gedeón,Sansón,Qual juiz libertou Israel dos amonitas após fazer um voto sobre o primeiro que saísse de sua casa?,Jefté,Gideão,Sansão,Which judge delivered Israel from the Ammonites after making a vow concerning whatever first came out of his house?,Jephthah,Gideon,Samson,1,FALSE
Mundial_3,4,ciudades,¿A qué ciudad costera huyó el profeta Jonás intentando embarcarse hacia Tarsis?,Jope,Tiro,Sidón,Para qual cidade litorânea o profeta Jonas fugiu tentando embarcar para Társis?,Jope,Tiro,Sidom,To which coastal city did the prophet Jonah flee to board a ship bound for Tarshish?,Joppa,Tyre,Sidon,1,FALSE
Mundial_3,4,versiculos,"En Apocalipsis 2, ¿a qué iglesia se le promete dar del «árbol de la vida» que está en medio del paraíso de Dios?",Éfeso,Esmirna,Filadelfia,"Em Apocalipse 2, a qual igreja é prometido dar da «árvore da vida» que está no meio do paraíso de Deus?",Éfeso,Esmirna,Filadélfia,"In Revelation 2, to which church is it promised to eat from the ""tree of life"" in the paradise of God?",Ephesus,Smyrna,Philadelphia,1,FALSE
Mundial_3,4,personajes,¿Qué rey asirio sitió la ciudad de Samaria durante tres años hasta la caída del Reino del Norte?,Salmanasar V,Senaquerib,Esar-hadón,Qual rei assírio cercou a cidade de Samaria durante três anos até a queda do Reino do Norte?,Salmaneser V,Senaqueribe,Esar-Hadom,Which Assyrian king besieged Samaria for three years until the fall of the Northern Kingdom?,Shalmaneser V,Sennacherib,Esarhaddon,1,FALSE
Mundial_3,4,personajes,"¿Qué secta judía del Nuevo Testamento no creía en la resurrección, ni en ángeles, ni en espíritus?",Saduceos,Fariseos,Esenios,"Qual seita judaica do Novo Testamento não acreditava na ressurreição, nem em anjos, nem em espíritos?",Saduceus,Fariseus,Essênios,"Which Jewish sect in the New Testament did not believe in resurrection, angels, or spirits?",Sadducees,Pharisees,Essenes,1,FALSE
Mundial_3,4,personajes,"¿Cómo se llamaba la suegra de Rut, quien le pidió a la gente de Belén que la llamaran ""Mara""?",Noemí,Orfa,Sara,"Como se chamava a sogra de Rute, que pediu às pessoas de Belém que a chamassem de ""Mara""?",Noemi,Orfa,Sara,"What was the name of Ruth's mother-in-law, who asked the people of Bethlehem to call her ""Mara""?",Naomi,Orpah,Sarah,1,FALSE
Mundial_3,4,ciudades,¿En qué ciudad de Macedonia fue encarcelado Pablo junto con Silas tras liberar a una muchacha de un espíritu de adivinación?,Filipos,Tesalónica,Berea,Em qual cidade da Macedônia Paulo foi preso junto com Silas após libertar uma jovem de um espírito de adivinhação?,Filipos,Tessalônica,Bereia,In which Macedonian city was Paul imprisoned alongside Silas after freeing a slave girl from a spirit of divination?,Philippi,Thessalonica,Berea,1,FALSE
Mundial_3,4,personajes,¿Qué sumo sacerdote ungió al rey Salomón en Gihón para ratificar su mandato frente a Adonías?,Sadoc,Abiatar,Joiada,Qual sumo sacerdote ungiu o rei Salomão em Giom para ratificar seu mandato diante de Adonias?,Zadoque,Abiatar,Joiada,Which high priest anointed King Solomon at Gihon to establish his kingship against Adonijah?,Zadok,Abiathar,Jehoiada,1,FALSE
Mundial_3,5,eventos,"¿Qué les sucedió a los soldados que arrojaron a Sadrac, Mesac y Abed-nego al horno ardiendo?",Murieron quemados por la llamarada,Quedaron ciegos por el resplandor,Huyeron aterrorizados,"O que aconteceu com os soldados que jogaram Sadraque, Mesaque e Abednego na fornalha ardente?",Morreram queimados pelas chamas,Ficaram cegos pelo brilho,Fugiram aterrorizados,"What happened to the soldiers who threw Shadrach, Meshach, and Abednego into the fiery furnace?",They were killed by the heat of the flames,Struck blind by the glare,Fled in terror,1,FALSE
Mundial_3,5,eventos,¿En qué festividad bíblica debían los israelitas construir y habitar en enramadas durante siete días?,Fiesta de los Tabernáculos,Fiesta de las Semanas,Fiesta de la Pascua,Em qual festividade bíblica os israelitas deviam construir e habitar em cabanas por sete dias?,Festa dos Tabernáculos,Festa das Semanas,Festa da Páscoa,In which biblical festival were Israelites commanded to build and dwell in temporary shelters for seven days?,Feast of Tabernacles,Feast of Weeks,Feast of Passover,1,FALSE
Mundial_3,5,eventos,¿En qué lugar sagrado celebró Salomón un gran sacrificio de mil holocaustos antes de pedir sabiduría?,Gabaón,Silo,Betel,Em qual lugar sagrado Salomão celebrou um grande sacrifício de mil holocausto antes de pedir sabedoria?,Gibeão,Siló,Betel,At which high place did Solomon offer a thousand burnt offerings before asking God for wisdom?,Gibeon,Shiloh,Bethel,1,FALSE
Mundial_3,5,eventos,¿Qué milagro realizó el apóstol Pedro en la ciudad de Jope tras la muerte de Dorcas?,La resucitó mediante la oración,Sanó su parálisis crónica,La libró de una ceguera,Qual milagre o apóstolo Pedro realizou na cidade de Jope após a morte de Dorcas?,Ressuscitou-a mediante a oração,Curou sua paralisia crônica,Livrou-a de uma cegueira,What miracle did the apostle Peter perform in Joppa following the death of Dorcas?,Raised her to life through prayer,Cured her chronic paralysis,Healed her from blindness,1,FALSE
Mundial_3,5,eventos,¿Qué suceso provocó la muerte de Uza mientras transportaban el Arca del Pacto a Jerusalén?,Tocar el Arca cuando los bueyes tropezaron,Abrir la cubierta para mirar dentro,Dejar caer el Arca al suelo,Qual evento provocou a morte de Uzá enquanto transportavam a Arca da Aliança para Jerusalém?,Tocar na Arca quando os bois tropeçaram,Abrir a tampa para olhar dentro,Deixar a Arca cair no chão,What event brought about the death of Uzzah while transporting the Ark of the Covenant to Jerusalem?,Touching the Ark when the oxen stumbled,Opening the cover to look inside,Dropping the Ark to the ground,1,FALSE
Mundial_3,5,versiculos,"¿En qué libro y capítulo se encuentra la frase ""Lámpara es a mis pies tu palabra, y lumbrera a mi camino""?",Salmo 119,Salmo 23,Salmo 91,"Em qual livro e capítulo se encontra a frase ""Lâmpada para os meus pés é tua palavra e luz para o meu caminho""?",Salmo 119,Salmo 23,Salmo 91,"In which book and chapter is the verse ""Your word is a lamp to my feet and a light to my path"" found?",Psalm 119,Psalm 23,Psalm 91,1,FALSE
Mundial_3,5,versiculos,"¿En qué epístola se declara explícitamente que ""la fe sin obras está muerta""?",Santiago 2,1 Pedro 2,Hebreos 10,"Em qual epístola se declara explicitamente que ""a fé sem obras é morta""?",Tiago 2,1 Pedro 2,Hebreus 10,"In which epistle is it explicitly stated that ""faith without works is dead""?",James 2,1 Peter 2,Hebrews 10,1,FALSE
Mundial_3,5,versiculos,"¿En qué Evangelio y capítulo afirma Jesús ""Yo soy el camino, y la verdad, y la vida""?",Juan 14,Mateo 5,Lucas 10,"Em qual Evangelho e capítulo Jesus afirma ""Eu sou o caminho, e a verdade e a vida""?",João 14,Mateus 5,Lucas 10,"In which Gospel and chapter does Jesus state ""I am the way and the truth and the life""?",John 14,Matthew 5,Luke 10,1,FALSE
Mundial_3,5,versiculos,"¿En qué carta de Pablo se enumeran las virtudes conocidas como ""el fruto del Espíritu""?",Gálatas 5,Efesios 4,Colosenses 3,"Em qual carta de Paulo são enumeradas as virtudes conhecidas como ""o fruto do Espírito""?",Gálatas 5,Efésios 4,Colossenses 3,"In which letter of Paul are the virtues known as ""the fruit of the Spirit"" listed?",Galatians 5,Ephesians 4,Colossians 3,1,FALSE
Mundial_3,5,versiculos,¿Qué libro profético concluye anunciando el envío del profeta Elías antes del día grande del Señor?,Malaquías,Zacarías,Sofonías,Qual livro profético conclui anunciando o envio do profeta Elias antes do grande dia do Senhor?,Malaquias,Zacarias,Sofonias,Which prophetic book concludes by announcing the sending of Elijah the prophet before the great day of the LORD?,Malachi,Zechariah,Zephaniah,1,FALSE
Mundial_3,5,versiculos,"¿En qué pasaje de 2 Timoteo se afirma que ""Toda la Escritura es inspirada por Dios""?",2 Timoteo 3:16,1 Timoteo 2:5,2 Timoteo 4:7,"Em qual passagem de 2 Timóteo se afirma que ""Toda a Escritura é inspirada por Deus""?",2 Timóteo 3:16,1 Timóteo 2:5,2 Timóteo 4:7,"In which passage of 2 Timothy is it stated that ""All Scripture is God-breathed""?",2 Timothy 3:16,1 Timothy 2:5,2 Timothy 4:7,1,FALSE
Mundial_3,5,personajes,¿Qué rey de Babilonia sacó de la cárcel al rey Joaquín de Judá y le dio un trono de honor?,Evil-merodac,Belsasar,Nergal-sar-eser,Qual rei da Babilônia tirou o rei Joaquim de Judá da prisão e lhe deu um trono de honra?,Evil-Merodaque,Belsazar,Nergal-Sarezer,Which king of Babylon released King Jehoiachin of Judah from prison and gave him a seat of honor?,Evil-merodach,Belshazzar,Nergal-sharezer,1,FALSE
Mundial_3,5,personajes,¿Qué primo de Ester descubrió la conspiración de los eunucos Bigtán y Teres contra el rey?,Mardoqueo,Amán,Hegai,Qual primo de Ester descobriu a conspiração dos eunucos Bigtã e Teres contra o rei?,Mardoqueu,Hamã,Hegai,Which cousin of Esther uncovered the plot of the eunuchs Bigthan and Teresh against the king?,Mordecai,Haman,Hegai,1,FALSE
Mundial_3,5,personajes,¿Qué colaborador de Pablo refrescó su espíritu y no se avergonzó de sus cadenas en Roma?,Onesíforo,Demas,Alejandro,Qual colaborador de Paulo revigorou seu espírito e não se envergonhou de suas algemas em Roma?,Onesíforo,Demas,Alexandre,Which co-worker of Paul refreshed his spirit and was not ashamed of his chains in Rome?,Onesiphorus,Demas,Alexander,1,FALSE
Mundial_3,5,eventos,¿En qué monte murieron los tres hijos de Saúl y cayó el propio rey sobre su espada?,Monte Gilboa,Monte Carmelo,Monte Tabor,Em qual monte morreram os três filhos de Saul e o próprio rei caiu sobre sua espada?,Monte Gilboa,Monte Carmelo,Monte Tabor,On which mountain did Saul's three sons die and the king himself fall on his sword?,Mount Gilboa,Mount Carmel,Mount Tabor,1,FALSE
Mundial_3,5,eventos,¿Qué emperador asirio completó el sitio de Samaria y deportó al reino del norte de Israel?,Sarcón II,Senaquerib,Tiglat-pileser III,Qual imperador assírio completou o cerco de Samaria e deportou o reino do norte de Israel?,Sargão II,Senaqueribe,Tiglate-Pileser III,Which Assyrian emperor completed the siege of Samaria and deported the northern kingdom of Israel?,Sargon II,Sennacherib,Tiglath-Pileser III,1,FALSE
Mundial_3,5,eventos,¿Cuál fue la primera plaga en Egipto de la que Dios eximió explícitamente a la tierra de Gosén?,Las moscas,Las ranas,Los piojos,Qual foi a primeira praga no Egito da qual Deus isentou explicitamente a terra de Gósen?,As moscas,As rãs,Os piolhos,Which was the first plague in Egypt from which God explicitly exempted the land of Goshen?,Flies,Frogs,Gnats,1,FALSE
Mundial_3,5,versiculos,"¿En qué libro y capítulo profético se promete: ""Los que esperan a Jehová tendrán nuevas fuerzas""?",Isaías 40,Isaías 55,Jeremías 29,"Em qual livro e capítulo profético se promete: ""Os que esperam no Senhor renovarão as suas forças""?",Isaías 40,Isaías 55,Jeremias 29,"In which prophetic book and chapter is it promised: ""Those who hope in the LORD will renew their strength""?",Isaiah 40,Isaiah 55,Jeremiah 29,1,FALSE
Mundial_3,5,versiculos,"¿En qué epístola se define a Dios diciendo textualmente ""Dios es amor""?",1 Juan 4,1 Corintios 13,Efesios 2,"Em qual epístola se define a Deus dizendo textualmente ""Deus é amor""?",1 João 4,1 Coríntios 13,Efésios 2,"In which epistle is God defined with the statement ""God is love""?",1 John 4,1 Corinthians 13,Ephesians 2,1,FALSE
Mundial_3,5,versiculos,"¿En qué Evangelio y capítulo promete Jesús ""Vendré otra vez, y os tomaré a mí mismo""?",Juan 14,Mateo 24,Lucas 21,"Em qual Evangelho e capítulo Jesus promete ""Virei outra vez e vos tomarei para mim mesmo""?",João 14,Mateus 24,Lucas 21,"In which Gospel and chapter does Jesus promise ""I will come back and take you to be with me""?",John 14,Matthew 24,Luke 21,1,FALSE
Mundial_3,6,ciudades,¿En qué ciudad permaneció el Tabernáculo durante el periodo de los Jueces hasta la época de Elí?,Silo,Betel,Mizpa,Em qual cidade o Tabernáculo permaneceu durante o período dos Juízes até a época de Eli?,Siló,Betel,Mispá,In which city did the Tabernacle reside during the period of the Judges until the time of Eli?,Shiloh,Bethel,Mizpah,1,FALSE
Mundial_3,6,ciudades,¿Qué ciudad del reino del norte fue asediada por Ben-hadad provocando una extrema hambruna?,Samaria,Tirsa,Jezreel,Qual cidade do reino do norte foi cercada por Ben-Hadade provocando uma extrema fome?,Samaria,Tirza,Jezreel,Which northern kingdom city was besieged by Ben-hadad causing severe famine?,Samaria,Tirzah,Jezreel,1,FALSE
Mundial_3,6,elementos,¿Qué objeto de bronce mandó construir Dios a Moisés para sanar a los picados por serpientes?,Una serpiente,Un altar,Un candelabro,Qual objeto de bronze Deus mandou Moisés construir para curar os picados por serpentes?,Uma serpente,Um altar,Um candelabro,What bronze item did God command Moses to construct to heal those bitten by poisonous snakes?,A serpent,An altar,A lampstand,1,FALSE
Mundial_3,6,elementos,¿Qué rey piadoso destruyó la serpiente de bronce (Nehustán) porque el pueblo le quemaba incienso?,Ezequías,Josías,Asá,Qual rei piedoso destruiu a serpente de bronze (Neustã) porque o povo queimava incenso para ela?,Ezequias,Josias,Asa,Which godly king destroyed the bronze serpent (Nehushtan) because people burned incense to it?,Hezekiah,Josiah,Asa,1,FALSE
Mundial_3,6,elementos,¿Qué objeto usó Gedeón para confirmar la voluntad de Dios mediante el rocío nocturno?,Un vellón de lana,Una vasija de barro,Una trompeta de cuerno,Qual objeto Gideão usou para confirmar a vontade de Deus mediante o orvalho noturno?,Uma lã de ovelha,Um vaso de barro,Uma trombeta de chifre,What item did Gideon use to test God's will concerning the overnight dew?,A fleece of wool,A clay jar,A ram's horn trumpet,1,FALSE
Mundial_3,6,elementos,¿Con qué dinero compró el Sanedrín el Campo del Alfarero tras la muerte de Judas Iscariote?,Las 30 piezas de plata,Monedas de oro del Templo,Diezmos del granero,Com qual dinheiro o Sinédrio comprou o Campo do Oleiro após a morte de Judas Iscariotes?,As 30 moedas de prata,Moedas de ouro do Templo,Dízimos do celeiro,With what money did the Sanhedrin buy the Potter's Field after Judas Iscariot died?,The 30 silver coins,Temple gold coins,Barn tithes,1,FALSE
Mundial_3,6,elementos,¿Qué objeto rompió el profeta Jeremías en el valle de Ben-hinom como señal de juicio sobre Judá?,Una vasija de barro,Un yugo de madera,Un plato de bronce,Qual objeto o profeta Jeremias quebrou no vale de Ben-Hinom como sinal de julgamento sobre Judá?,Um vaso de barro,Um jugo de madeira,Um prato de bronze,What item did Jeremiah break in the Valley of Ben-hinnom as a sign of judgment on Judah?,A potter's clay jar,A wooden yoke,A bronze dish,1,FALSE
Mundial_3,6,elementos,¿Qué hizo el falso profeta Hananías para contradecir públicamente el mensaje de Jeremías?,Rompió el yugo de madera,Quemó un rollo de papiro,Derramó aceite al suelo,O que o falso profeta Hananias fez para contradizer publicamente a mensagem de Jeremias?,Quebrou o jugo de madeira,Queimou um rolo de papiro,Derramou azeite no chão,What did false prophet Hananiah do to publicly contradict Jeremiah's message?,Broke the wooden yoke,Burned a papyrus scroll,Poured oil on the ground,1,FALSE
Mundial_3,6,elementos,¿Qué instrumento musical tocaban los sacerdotes para anunciar la llegada del Año del Jubileo?,El Shofar,La trompeta de plata,El címbalo,Qual instrumento musical os sacerdotes tocavam para anunciar a chegada do Ano do Jubileu?,O Shofar,A trombeta de prata,O címbalo,What musical instrument did priests blow to proclaim the arrival of the Year of Jubilee?,The Shofar,The silver trumpet,The cymbal,1,FALSE
Mundial_3,6,elementos,¿De qué madera estaban hechas las dos estatuas de querubines recubiertas de oro en el Templo de Salomón?,Madera de olivo,Madera de acacia,Cedro del Líbano,De qual madeira eram feitas as duas estátuas de querubins revestidas de ouro no Templo de Salomão?,Madeira de oliveira,Madeira de acácia,Cedro do Líbano,From what wood were the two gold-overlaid cherubim statues in Solomon's Temple sculpted?,Olive wood,Acacia wood,Cedar of Lebanon,1,FALSE
Mundial_3,6,elementos,¿Qué prenda profética se rasgó cuando Saúl intentó retener a Samuel al perder el reino?,El manto de Samuel,El cinturón de Saúl,La túnica sacerdotal,Qual peça profética se rasgou quando Saul tentou reter Samuel ao perder o reino?,O manto de Samuel,O cinto de Saul,A túnica sacerdotal,Which prophetic garment tore when Saul grabbed it as Samuel turned to leave?,Samuel's robe,Saul's belt,The priestly tunic,1,FALSE
Mundial_3,6,elementos,¿Qué objeto halló la mujer en la parábola de Jesús que la llevó a convocar a sus vecinas para celebrar?,Una dracma de plata,Un anillo de oro,Un collar de perlas,Qual objeto a mulher encontrou na parábola de Jesus que a levou a convocar suas vizinhas para celebrar?,Uma dracma de prata,Um anel de ouro,Um colar de pérolas,What object did the woman find in Jesus' parable that led her to call her neighbors to celebrate?,A silver drachma,A gold ring,A pearl necklace,1,FALSE
Mundial_3,6,personajes,¿Qué valiente guerrero de David mató a un león en un foso en un día de nieve?,Benaías,Abisai,Eleazar,Qual valente guerreiro de Davi matou um leão num poço num dia de neve?,Benaia,Abisai,Eleazar,Which mighty warrior of David killed a lion in a pit on a snowy day?,Benaiah,Abishai,Eleazar,1,FALSE
Mundial_3,6,personajes,¿Qué famoso maestro de la Ley y fariseo aconsejó al Sanedrín no perseguir a los apóstoles?,Gamaliel,Nicodemo,Caifás,Qual famoso mestre da Lei e fariseu aconselhou o Sinédrio a não perseguir os apóstolos?,Gamaliel,Nicodemos,Caifás,Which famous teacher of the Law and Pharisee advised the Sanhedrin to leave the apostles alone?,Gamaliel,Nicodemus,Caiaphas,1,FALSE
Mundial_3,6,personajes,¿Qué artesano principal de la tribu de Judá fue lleno del Espíritu de Dios para construir el Tabernáculo?,Bezaleel,Aholiab,Hiram,Qual artesão principal da tribo de Judá foi cheio do Espírito de Deus para construir o Tabernáculo?,Bezalel,Aoliabe,Hirão,Which chief craftsman of the tribe of Judah was filled with the Spirit of God to build the Tabernacle?,Bezalel,Oholiab,Hiram,1,FALSE
Mundial_3,6,personajes,¿Quién fue el fiel escriba y secretario que dictó y escribió las profecías de Jeremías?,Baruc,Seraías,Gemarías,Quem foi o fiel escriba e secretário que anotou e escreveu as profecias de Jeremias?,Baruque,Seraías,Gemarias,Who was the faithful scribe and secretary who wrote down the prophecies of Jeremiah?,Baruch,Seraiah,Gemariah,1,FALSE
Mundial_3,6,personajes,¿Quién fue la esposa de Moisés que circuncidó a su hijo utilizando un pedernal afilado?,Séfora,María,Cantura,Quem foi a esposa de Moisés que circuncidou seu filho utilizando uma pedra afiada?,Zípora,Miriã,Quetura,Who was Moses' wife who circumcised her son using a sharp flint stone?,Zipporah,Miriam,Keturah,1,FALSE
Mundial_3,6,personajes,¿Qué hijo lisiado de Jonatán fue recibido por David en su mesa y restaurado en sus tierras ancestrales?,Mefiboset,Micaías,Ish-boset,Qual filho aleijado de Jônatas foi recebido por Davi em sua mesa e teve suas terras restauradas?,Mefibosete,Micaías,Isbosete,Which crippled son of Jonathan was brought to David's table and restored his family lands?,Mephibosheth,Micaiah,Ish-bosheth,1,FALSE
Mundial_3,6,personajes,¿Qué mujer prudente evitó una masacre razonando con David tras la insensatez de su esposo Nabal?,Abigail,Betsabé,Mical,Qual mulher prudente evitou um massacre argumentando com Davi após a insensatez de seu marido Nabal?,Abigail,Bate-Seba,Mical,Which wise woman prevented bloodshed by reasoning with David after her husband Nabal acted foolishly?,Abigail,Bathsheba,Michal,1,FALSE
Mundial_3,6,personajes,¿Qué sierva de la iglesia de Cencreas llevó personalmente la epístola de Pablo a los Romanos?,Febe,Priscila,Junia,Qual serva da igreja de Cencreia levou pessoalmente a epístola de Paulo aos Romanos?,Febe,Priscila,Júnia,Which servant of the church in Cenchreae carried Paul's epistle to the Romans?,Phoebe,Priscilla,Junia,1,FALSE